STRUCTURE_NUMBER_008,YEAR_BUILT_027,Material Used,DeckRating_of_Year_2007,DeckRating_of_Year_2008,DeckRating_of_Year_2009,DeckRating_of_Year_2010,DeckRating_of_Year_2011,DeckRating_of_Year_2012,DeckRating_of_Year_2013,DeckRating_of_Year_2014,DeckRating_of_Year_2015,DeckRating_of_Year_2016,DeckRating_of_Year_2017,DeckRating_of_Year_2018,DeckRating_of_Year_2019,DeckRating_of_Year_2020,DeckRating_of_Year_2021
176,1998,Steel,8,8,7,7,7,6,6,6,6,6,6,6,6,6,6
177,2015,Steel,5,5,6,6,6,6,6,6,6,9,9,9,9,9,9
178,1973,Steel,5,5,6,6,6,6,6,6,6,6,6,6,6,6,6
179,2011,Steel,5,5,7,7,7,9,9,9,9,9,9,9,9,7,7
180,2004,Steel,9,9,8,8,8,8,8,8,7,7,7,7,7,7,7
181,2011,Steel,5,5,6,6,6,9,9,9,9,9,9,9,9,9,9
182,2015,Steel,6,6,6,6,6,6,6,6,6,9,9,9,9,9,9
183,1995,Steel,8,8,7,7,7,7,7,7,7,7,6,6,6,6,6
184,1995,Steel,7,7,7,7,7,7,7,7,7,7,7,7,7,7,7
185,1995,Steel,6,6,6,6,6,6,6,6,6,6,6,6,6,6,6
190,2003,Steel,8,8,7,7,7,7,7,7,7,7,7,7,7,7,7
191,2004,Steel,9,9,8,8,8,8,8,8,8,7,7,7,7,7,7
192,2006,Steel,9,9,7,7,7,7,7,7,7,7,7,7,7,7,7
193,2006,Steel,9,9,7,8,8,8,8,8,8,7,7,7,7,7,7
201,1967,Steel,5,5,5,5,5,5,5,5,5,5,9,9,8,8,8
202,1967,Steel,5,5,5,5,5,5,5,5,5,5,9,9,8,8,8
205,1971,Steel Continuous,8,8,8,8,8,8,8,7,7,7,7,7,7,7,7
208,1974,Prestressed Concrete,7,7,7,7,7,7,7,7,7,7,7,7,7,7,7
209,1960,Steel,4,4,4,4,4,4,4,4,4,4,4,4,4,4,4
210,2004,Prestressed Concrete,9,9,8,8,8,8,8,8,8,8,8,8,8,8,8
211,1962,Prestressed Concrete,5,5,6,6,6,6,6,6,6,6,6,6,6,6,6
212,1962,Prestressed Concrete,5,5,5,5,5,5,5,5,7,7,7,7,7,7,7
213,1962,Prestressed Concrete,5,5,5,5,5,5,5,5,7,7,7,7,7,7,7
214,1966,Steel Continuous,6,6,6,6,6,6,6,6,6,6,6,7,7,7,7
216,1963,Steel,5,5,5,5,5,5,5,5,5,5,5,5,7,7,7
217,1985,Prestressed Concrete,7,7,7,7,7,7,7,7,7,7,7,7,7,7,7
229,2014,Prestressed Concrete,3,3,3,3,3,3,3,3,9,9,9,9,9,9,8
230,1968,Prestressed Concrete,5,5,5,5,5,5,5,5,5,5,5,5,6,6,6
231,1977,Steel Continuous,8,8,7,7,7,7,7,7,7,7,7,7,7,7,7
232,1967,Steel,6,6,6,6,6,6,6,6,6,6,6,6,6,6,6
240,2004,Prestressed Concrete,8,8,8,8,8,8,8,8,8,8,8,8,8,8,7
245,1971,Steel Continuous,6,6,6,6,6,6,6,6,6,6,6,6,6,6,6
253,1952,Steel,5,5,5,5,5,4,4,4,4,4,4,4,4,4,4
254,1965,Steel Continuous,4,4,7,7,7,7,7,7,7,7,7,7,7,7,7
256,1970,Steel,8,8,7,7,7,7,7,7,7,7,7,7,7,7,7
257,1970,Steel,7,7,7,7,7,7,7,7,7,7,7,7,7,7,7
258,1971,Steel,6,6,6,6,6,6,6,6,6,6,6,6,6,6,6
260,1967,Steel,5,5,5,5,5,5,5,5,6,6,6,6,6,6,6
261,2016,Prestressed Concrete,5,5,5,5,5,5,5,5,5,5,9,9,8,8,8
263,1963,Steel,6,6,6,6,6,6,4,4,6,6,6,6,6,6,6
264,1985,Prestressed Concrete,7,7,7,7,7,7,7,7,7,7,7,7,7,7,7
265,1996,Prestressed Concrete,8,8,8,8,8,8,7,7,7,7,7,7,7,7,8
268,1982,Wood or Timber,5,5,5,5,6,6,8,8,8,8,8,8,8,8,8
269,1982,Wood or Timber,6,6,6,6,6,6,8,8,8,8,8,8,8,8,8
270,1965,Steel,6,6,6,6,6,6,6,6,6,6,6,6,6,6,6
271,1975,Steel Continuous,7,7,7,7,7,7,7,7,7,7,7,7,7,7,7
272,1961,Steel,7,7,5,5,5,5,6,6,6,6,7,7,6,6,6
273,1998,Prestressed Concrete,9,9,9,9,9,9,8,8,8,8,8,8,8,8,8
274,2004,Prestressed Concrete,9,9,9,9,9,9,8,8,8,8,7,7,7,7,7
275,1961,Steel,7,7,7,7,7,7,7,7,7,7,6,6,7,7,7
276,1977,Prestressed Concrete,7,7,7,7,7,7,7,8,8,7,7,7,7,7,7
277,1977,Wood or Timber,7,7,7,7,7,7,7,7,7,7,7,7,7,8,8
278,1975,Prestressed Concrete,7,7,7,7,7,7,7,7,7,7,7,7,7,7,7
279,1963,Steel,8,8,8,8,8,8,8,8,8,8,8,7,7,7,7
281,1977,Wood or Timber,6,6,6,6,6,6,6,6,6,6,6,6,5,5,5
283,2013,Prestressed Concrete,5,5,6,6,6,6,6,9,9,9,9,9,9,9,8
284,1974,Prestressed Concrete,7,7,7,7,7,7,7,7,7,7,7,7,7,7,7
285,2009,Steel,7,0,0,9,9,9,9,9,9,8,8,8,8,8,8
286,1974,Prestressed Concrete,7,7,7,7,7,7,7,7,7,7,7,7,7,7,7
287,1974,Prestressed Concrete,6,6,7,7,7,7,7,7,6,6,6,6,6,6,6
288,1976,Prestressed Concrete,5,5,5,5,5,5,5,5,5,5,5,5,5,6,6
290,1974,Prestressed Concrete,5,5,7,7,7,7,7,7,7,7,7,7,7,7,7
291,1974,Prestressed Concrete,6,6,9,9,8,8,8,8,7,7,7,7,7,7,7
292,1974,Prestressed Concrete,7,7,7,7,7,7,7,7,7,7,7,7,7,7,7
293,1965,Steel,6,6,6,6,6,6,6,6,6,6,6,6,7,7,7
295,1953,Steel,5,5,6,6,6,6,6,6,6,6,6,6,6,6,6
296,1988,Prestressed Concrete,7,7,7,7,7,7,7,7,7,7,7,7,7,7,7
297,1974,Steel Continuous,5,5,5,5,5,5,5,8,8,7,7,7,7,7,7
298,1988,Prestressed Concrete,7,7,7,7,7,7,7,7,7,7,7,7,7,7,7
299,1977,Prestressed Concrete,5,5,5,6,6,6,6,6,6,7,7,7,7,7,7
300,1967,Steel,8,8,8,8,8,8,8,8,8,8,7,7,7,7,7
301,1990,Prestressed Concrete,8,8,8,8,8,8,8,8,8,8,8,8,8,8,8
302,1965,Steel,6,6,6,6,6,6,6,6,6,6,6,6,6,6,6
303,2013,Prestressed Concrete,6,6,6,6,6,6,6,9,9,9,9,9,9,9,8
308,1974,Steel,6,6,6,6,6,6,6,6,5,5,6,6,6,6,6
310,1982,Prestressed Concrete,8,8,7,7,7,7,7,7,7,7,7,7,7,7,7
311,1965,Steel Continuous,6,6,6,6,6,6,6,6,6,6,6,6,6,6,6
312,2019,Prestressed Concrete,6,6,6,6,6,6,6,6,6,6,6,6,6,9,9
313,1965,Steel,6,6,6,6,6,6,6,6,6,6,6,6,7,7,6
314,1934,Concrete,5,6,6,6,6,6,6,7,7,7,7,7,7,7,7
317,2007,Prestressed Concrete,6,9,9,9,9,9,9,9,8,8,8,8,7,7,7
319,1982,Prestressed Concrete,8,8,8,8,8,8,8,8,6,6,6,6,7,7,7
320,1967,Steel Continuous,6,6,6,6,6,6,6,6,6,6,6,6,6,6,6
321,1988,Prestressed Concrete,7,7,7,7,7,7,7,7,7,7,7,7,7,7,7
322,1988,Prestressed Concrete,7,7,7,7,7,7,7,8,8,7,7,7,7,7,7
325,1971,Steel,7,7,7,7,7,7,7,7,7,7,6,6,6,6,7
327,2014,Prestressed Concrete,6,5,5,5,5,5,5,5,8,8,8,8,8,6,6
328,2014,Prestressed Concrete,6,5,5,5,5,5,5,5,8,8,8,8,8,6,6
331,1973,Steel Continuous,5,5,6,6,6,6,6,6,6,6,6,6,6,6,6
332,1973,Steel Continuous,5,5,6,6,6,6,6,6,6,6,6,6,6,6,6
333,1977,Prestressed Concrete,7,7,7,7,7,7,7,7,7,7,7,7,7,7,7
334,1977,Prestressed Concrete,7,7,7,7,7,7,7,7,7,7,7,7,7,7,6
336,1977,Prestressed Concrete,8,8,8,8,7,7,7,7,7,7,7,7,7,7,7
339,1977,Prestressed Concrete,6,6,6,6,6,6,6,6,6,6,6,6,6,6,6
340,1977,Prestressed Concrete,7,7,7,7,7,7,7,7,7,7,7,7,7,7,7
344,1977,Prestressed Concrete,8,8,8,8,7,7,7,7,7,7,7,7,7,7,7
345,1977,Prestressed Concrete,8,8,8,8,7,7,7,7,7,7,7,7,7,7,7
347,1977,Steel,5,5,5,5,5,5,5,5,6,6,6,6,6,6,6
348,1966,Steel,7,7,7,7,7,7,7,7,7,7,7,7,7,7,7
349,1966,Steel,7,7,7,7,7,7,7,7,7,7,7,7,6,6,6
350,1966,Steel,7,7,7,7,7,7,7,7,7,7,6,6,6,6,6
351,1966,Steel,7,7,7,7,7,7,7,7,7,7,7,7,6,6,6
352,1966,Steel,7,7,7,7,7,7,7,7,7,7,7,7,7,7,7
353,1950,Steel Continuous,7,7,7,7,7,7,7,8,8,8,8,7,7,7,7
357,1965,Steel,6,6,6,6,6,6,6,6,6,6,6,6,6,6,6
358,1965,Steel,7,7,7,7,7,7,7,7,7,7,7,7,7,7,7
359,1965,Steel,7,7,7,7,7,7,7,7,7,7,7,7,7,7,7
360,1973,Prestressed Concrete,8,8,8,8,8,8,8,8,8,8,8,8,8,8,8
367,1968,Steel,7,7,7,7,7,7,7,7,7,7,7,7,6,6,6
380,1988,Prestressed Concrete,7,7,7,7,7,7,7,8,8,7,7,7,7,8,8
381,1954,Prestressed Concrete,7,7,7,7,7,7,7,7,6,6,6,6,6,6,6
383,2014,Prestressed Concrete,5,4,4,3,3,3,3,8,9,9,9,9,9,9,9
384,1970,Wood or Timber,5,7,7,6,6,6,6,6,6,6,6,6,6,6,6
385,1974,Prestressed Concrete,7,7,7,7,7,7,7,7,7,7,7,7,7,7,7
386,1974,Prestressed Concrete,7,7,7,7,7,7,7,7,7,7,7,7,7,7,7
387,1979,Steel,5,5,5,5,5,5,5,5,6,6,6,6,6,6,6
388,2007,Prestressed Concrete,5,9,9,9,9,9,9,8,8,8,8,8,8,8,8
389,1920,Wood or Timber,6,6,6,4,4,4,4,5,5,4,4,5,5,6,6
390,1960,Steel,6,6,6,6,6,6,5,5,5,5,5,5,5,5,5
391,1988,Prestressed Concrete,8,8,8,8,8,8,8,7,7,7,7,7,7,6,6
392,1967,Steel Continuous,8,8,8,8,8,8,8,8,8,8,7,7,7,7,7
395,1987,Prestressed Concrete,5,5,6,6,6,6,6,6,6,6,6,6,6,6,6
396,1972,Prestressed Concrete,6,6,6,6,6,6,6,6,6,6,6,6,6,6,6
398,1961,Steel,5,5,6,6,6,6,6,6,7,7,7,7,7,7,7
399,1960,Steel,7,7,7,7,5,5,4,4,4,4,4,4,4,4,9
401,1974,Wood or Timber,6,6,6,6,6,6,6,6,6,6,6,6,6,6,6
402,1960,Steel,6,6,6,6,5,5,4,4,4,4,4,4,4,4,9
403,1965,Concrete,6,6,6,6,6,6,6,5,5,5,5,5,5,5,5
404,1965,Concrete,6,6,6,6,6,6,6,6,6,5,5,5,5,5,5
405,1966,Concrete,6,6,6,6,6,6,6,6,6,6,6,6,6,6,6
406,1966,Steel,5,5,6,6,6,6,6,6,6,6,6,6,6,6,6
407,1966,Steel,6,6,7,7,7,7,7,7,7,7,7,7,6,6,6
408,1966,Steel,7,7,7,7,7,7,7,7,7,7,7,7,6,6,6
409,1966,Steel,7,7,7,7,7,7,7,7,7,7,7,7,6,6,6
410,1966,Steel,7,7,7,7,7,7,7,7,7,7,6,6,6,6,6
411,1966,Steel,7,7,7,7,7,7,7,7,7,7,7,7,7,7,6
414,2019,Prestressed Concrete,7,7,7,7,7,7,7,6,5,5,5,4,4,4,9
415,2019,Prestressed Concrete,7,7,7,7,7,7,7,6,6,6,6,5,5,5,9
418,1981,Prestressed Concrete,6,6,6,6,6,6,6,6,6,6,6,6,6,5,5
419,1967,Steel,8,8,7,7,7,7,7,7,7,7,7,7,7,7,7
421,1967,Steel,8,8,8,8,8,8,8,8,8,8,8,8,8,8,8
422,1967,Steel,7,7,7,7,7,7,7,7,6,6,6,6,6,6,6
423,1967,Steel,8,8,8,8,8,8,8,8,8,8,8,8,8,8,8
424,1944,Steel,5,5,5,5,5,5,5,5,6,6,6,6,6,6,6
425,1982,Prestressed Concrete,8,8,8,8,8,8,7,7,7,7,7,7,7,7,7
426,1982,Prestressed Concrete,8,8,8,8,8,8,7,7,7,7,7,7,7,7,7
427,2014,Prestressed Concrete,5,5,5,6,6,5,4,4,9,9,9,9,9,9,9
429,1979,Steel,5,5,5,5,5,5,5,5,5,5,5,6,6,6,6
430,1983,Wood or Timber,8,8,7,7,7,7,7,7,8,8,8,8,8,8,8
431,1957,Steel,5,5,5,5,5,5,5,5,7,7,7,7,6,6,6
433,1968,Steel,5,7,7,7,7,7,6,6,6,6,6,6,6,6,6
440,1969,Steel Continuous,5,5,5,5,5,5,5,5,5,5,5,5,5,5,5
441,1977,Prestressed Concrete,6,6,6,6,6,6,6,7,7,7,7,7,7,8,8
442,1977,Prestressed Concrete,7,7,7,7,7,7,7,7,7,7,7,7,7,7,7
444,1976,Steel Continuous,6,6,6,6,6,6,6,6,6,7,7,7,7,7,7
445,1984,Wood or Timber,6,6,6,6,6,6,6,6,6,6,6,6,6,6,6
446,2018,Prestressed Concrete,5,5,5,4,4,4,4,4,4,4,4,4,9,9,9
453,1979,Prestressed Concrete,6,6,6,6,6,6,6,6,6,6,6,5,5,5,5
455,1975,Steel Continuous,6,6,6,6,6,6,6,6,6,6,6,6,8,6,6
460,1973,Wood or Timber,6,6,6,6,6,6,6,6,7,7,7,7,7,7,7
461,1947,Steel,7,7,7,7,7,7,7,7,7,7,6,6,6,6,6
462,1947,Steel,7,7,6,6,4,4,6,6,6,6,6,6,6,6,6
463,1941,Steel,8,8,7,7,7,7,6,6,6,6,6,6,6,6,6
464,1937,Steel,7,7,7,7,7,7,7,7,7,7,7,7,6,6,6
466,1937,Steel,7,7,7,7,7,7,6,6,6,6,6,6,6,6,6
467,1937,Steel,7,7,7,7,7,7,9,9,9,9,9,9,8,8,8
470,1974,Prestressed Concrete,7,7,7,7,7,7,7,7,7,7,7,7,7,7,7
473,1972,Steel,8,8,8,8,1,1,6,6,6,6,6,6,6,6,6
478,1972,Steel,7,7,7,7,7,7,7,7,7,7,7,7,7,7,7
481,1969,Steel,7,7,7,7,7,7,7,7,7,6,6,6,6,7,7
482,1985,Steel Continuous,7,7,7,7,7,7,7,7,7,6,6,6,6,6,6
484,2002,Steel,7,7,7,7,7,7,7,7,7,7,7,7,7,7,6
496,1991,Prestressed Concrete,8,8,8,8,8,8,8,8,8,8,8,8,7,7,7
501,1995,Prestressed Concrete,8,8,8,8,8,8,8,8,8,8,8,8,8,8,8
503,1983,Prestressed Concrete,7,7,7,7,7,7,7,7,7,7,7,7,7,7,7
504,1986,Prestressed Concrete,6,6,6,6,6,6,6,6,7,7,7,7,7,7,7
505,2010,Prestressed Concrete,4,4,4,4,9,9,9,9,9,9,9,9,9,9,9
506,2019,Prestressed Concrete,5,5,5,5,6,6,6,6,6,6,6,6,6,8,8
507,1985,Prestressed Concrete,8,8,7,7,7,7,7,7,7,7,7,7,7,7,7
508,1985,Prestressed Concrete,6,6,6,6,6,6,6,6,6,6,7,7,7,7,7
509,1944,Steel,6,6,6,6,6,6,6,6,7,7,7,7,6,6,6
510,1985,Prestressed Concrete,8,8,8,8,8,8,8,8,8,8,8,8,8,8,8
511,1985,Prestressed Concrete,8,8,8,8,8,8,8,8,8,8,8,8,8,8,8
513,1985,Prestressed Concrete,8,8,8,8,8,8,8,8,8,8,8,8,7,7,7
514,1985,Prestressed Concrete,8,8,8,8,8,8,8,8,8,8,7,7,7,7,7
515,1990,Prestressed Concrete,8,8,8,8,8,8,8,8,8,8,8,8,8,8,8
516,1982,Prestressed Concrete,7,7,7,7,7,7,7,7,7,7,7,7,7,7,7
519,1999,Prestressed Concrete,8,8,8,8,8,8,8,8,8,8,8,8,8,8,8
520,1944,Steel,5,5,5,5,5,5,5,5,5,5,5,5,5,5,5
521,1995,Prestressed Concrete,8,8,8,8,8,8,8,8,8,8,8,8,8,8,8
524,1966,Steel,6,6,6,6,6,6,6,6,6,6,6,6,6,6,6
525,2011,Prestressed Concrete,6,6,6,6,6,9,9,9,9,9,9,9,8,8,8
526,2016,Prestressed Concrete,5,5,5,5,5,5,5,5,6,7,9,9,9,9,9
527,1967,Steel Continuous,7,7,7,7,7,7,7,7,8,8,8,8,7,7,7
528,1967,Steel,8,8,8,8,8,8,8,8,8,8,8,8,6,6,6
529,1967,Steel,5,5,5,5,5,5,5,5,5,5,5,5,5,5,7
530,1967,Steel,6,6,5,5,5,5,5,5,5,5,5,5,5,5,7
531,1971,Steel,6,6,6,6,6,6,6,6,6,6,6,6,6,6,6
532,1953,Steel Continuous,4,4,4,4,4,4,4,4,4,4,4,4,4,4,4
534,1988,Prestressed Concrete,8,8,8,8,8,8,8,8,8,7,7,7,7,7,7
535,1981,Prestressed Concrete,6,6,6,6,6,6,6,6,6,6,6,6,6,6,6
536,2011,Prestressed Concrete,5,5,5,5,5,9,9,9,9,9,9,9,9,9,9
537,2016,Prestressed Concrete,3,3,3,3,3,3,3,3,3,3,9,9,9,9,8
538,1977,Prestressed Concrete,7,7,7,7,7,7,7,7,7,7,7,7,7,7,7
539,1975,Steel Continuous,5,5,5,5,5,5,5,5,5,5,5,5,7,7,7
541,1958,Steel Continuous,6,6,6,6,6,6,6,6,6,7,7,7,7,6,6
542,1999,Prestressed Concrete,8,8,8,8,8,8,8,8,8,8,8,8,8,6,6
543,2001,Prestressed Concrete,8,8,8,8,8,8,8,8,8,7,7,7,7,6,6
544,1961,Steel,5,5,5,5,5,5,5,4,4,4,4,4,4,4,4
545,2016,Prestressed Concrete,6,5,5,4,4,4,4,4,4,4,9,9,9,7,7
546,1957,Steel,6,6,6,6,6,6,6,6,6,6,6,6,6,5,5
547,2008,Prestressed Concrete,4,4,9,9,9,9,9,8,8,7,7,7,7,7,7
549,1952,Steel,6,6,6,6,6,6,6,7,7,7,7,7,7,6,6
551,1977,Prestressed Concrete,6,5,5,5,5,5,5,7,7,7,7,7,7,6,6
552,2013,Prestressed Concrete,5,5,5,5,5,5,5,9,9,8,8,8,8,7,7
557,1974,Steel Continuous,7,7,7,7,7,7,7,7,7,7,7,6,6,7,7
558,1985,Prestressed Concrete,8,8,8,8,8,8,8,8,8,7,7,6,6,7,7
564,1984,Prestressed Concrete,8,8,8,7,7,7,7,7,7,7,7,7,7,7,7
565,1981,Steel,8,7,7,7,7,7,7,7,7,7,7,7,7,7,7
570,1973,Steel,8,8,8,8,8,8,8,8,8,8,8,8,8,8,8
573,1973,Steel Continuous,7,7,7,7,7,7,7,7,7,7,7,6,6,6,6
574,1974,Steel Continuous,5,5,5,4,4,4,4,4,4,4,4,4,4,4,4
575,1987,Prestressed Concrete,8,7,7,7,7,7,7,7,7,7,7,7,7,7,7
578,1954,Steel,6,6,6,6,6,6,6,6,6,6,6,6,6,6,6
579,2014,Prestressed Concrete,5,5,5,4,4,4,4,4,9,9,9,9,9,9,9
580,1954,Steel,5,5,5,6,6,6,6,6,6,6,6,6,6,6,6
581,1958,Steel Continuous,5,5,5,4,4,4,4,4,4,4,4,4,4,4,4
582,1958,Steel,5,5,5,5,5,5,5,5,5,5,5,6,6,5,5
583,1958,Steel Continuous,5,5,5,4,4,4,4,4,4,4,4,4,4,4,4
584,1954,Steel,5,5,5,5,5,5,5,5,5,6,6,6,6,6,6
585,1954,Steel,8,8,8,8,8,8,8,7,7,7,7,7,7,7,7
586,1954,Steel,5,6,6,6,6,6,6,6,6,6,6,6,6,6,6
587,1954,Steel,5,5,5,5,5,5,5,6,6,6,6,6,6,6,6
588,1954,Steel,8,8,8,8,8,8,8,7,7,7,7,6,6,6,6
589,1990,Prestressed Concrete,8,8,8,8,8,8,8,8,8,8,8,8,8,8,8
590,1954,Steel,8,8,8,7,7,7,7,7,7,7,7,7,7,7,7
591,2012,Prestressed Concrete,5,5,5,5,5,5,9,9,9,9,9,9,9,9,9
592,1952,Steel,5,5,5,5,5,5,5,5,5,5,5,5,5,5,5
593,1952,Steel,5,5,5,4,4,4,4,4,4,4,4,4,4,4,4
594,2017,Prestressed Concrete,5,5,5,5,5,5,5,5,5,6,6,9,9,8,8
595,2015,Prestressed Concrete,5,5,5,5,5,5,5,5,5,9,9,8,8,8,8
596,2003,Prestressed Concrete,9,9,9,9,9,9,9,9,9,9,9,9,9,9,9
597,2003,Prestressed Concrete,9,9,9,9,9,9,9,9,9,9,9,9,9,8,8
598,2003,Prestressed Concrete,9,9,9,9,9,9,9,9,9,8,8,8,8,8,8
603,1965,Prestressed Concrete,5,4,4,4,4,4,4,4,4,4,4,4,4,4,4
605,1965,Prestressed Concrete,5,4,4,4,4,4,4,4,4,4,4,4,4,4,4
607,1952,Steel,5,5,5,5,5,5,5,5,5,5,5,5,5,5,5
608,2012,Prestressed Concrete,5,5,5,5,5,5,9,9,9,8,8,8,8,8,8
609,2012,Prestressed Concrete,5,5,5,5,5,5,9,9,9,8,8,8,8,8,8
610,2013,Prestressed Concrete,5,5,5,5,5,5,5,9,9,9,9,9,9,9,9
615,1995,Prestressed Concrete,5,7,7,7,7,7,7,7,7,7,7,7,7,8,8
616,1995,Prestressed Concrete,8,8,8,8,8,8,8,8,8,8,8,8,8,8,8
620,1985,Prestressed Concrete,8,7,7,7,7,7,7,7,7,6,6,6,6,6,6
627,1967,Steel,4,4,4,4,4,4,4,4,4,4,4,4,4,4,4
629,1966,Steel,4,4,4,4,4,4,4,4,4,4,4,4,4,4,4
630,1966,Steel,4,4,4,4,4,4,4,4,4,4,4,4,4,4,4
631,1967,Steel,4,4,4,4,4,4,4,4,4,5,5,5,5,5,5
634,1967,Steel,4,4,4,7,4,6,4,4,4,4,4,4,4,4,4
636,2019,Prestressed Concrete,4,4,4,4,4,4,4,4,4,4,4,4,4,9,9
638,2019,Prestressed Concrete,3,3,3,3,3,4,4,4,4,4,4,4,4,9,9
639,2019,Prestressed Concrete,4,4,4,4,4,6,4,4,4,4,4,4,4,7,7
640,1995,Prestressed Concrete,8,8,8,7,7,7,7,7,7,7,7,7,7,7,7
645,1982,Prestressed Concrete,7,7,7,7,7,7,7,7,7,7,7,7,7,7,7
646,2010,Prestressed Concrete,6,6,6,6,9,9,9,9,9,9,9,9,9,9,9
648,2005,Prestressed Concrete,9,9,9,9,9,9,9,9,9,9,9,9,9,9,9
649,2005,Prestressed Concrete,9,9,9,8,8,8,8,8,8,8,8,8,8,8,8
651,1984,Prestressed Concrete,7,6,6,6,6,6,6,7,7,7,7,7,7,7,7
652,1993,Prestressed Concrete,6,6,6,6,6,6,6,7,7,7,7,7,7,7,7
653,1982,Prestressed Concrete,8,8,8,8,8,8,8,7,7,7,7,7,7,8,8
654,2017,Prestressed Concrete,7,7,7,7,7,7,7,7,7,7,7,9,9,9,9
655,2006,Prestressed Concrete,9,9,9,8,8,8,8,8,8,7,7,7,7,7,7
656,2006,Prestressed Concrete,9,9,9,8,8,8,8,8,8,7,7,7,7,7,7
657,1980,Prestressed Concrete,7,7,7,7,7,7,7,8,8,8,8,8,8,8,8
658,1979,Steel,6,6,6,6,6,6,6,6,6,6,6,6,6,7,7
659,1954,Wood or Timber,5,5,5,5,5,5,5,5,5,5,5,5,5,5,5
660,1951,Wood or Timber,5,5,5,5,5,5,5,5,5,7,7,7,7,7,7
663,2016,Prestressed Concrete,8,8,8,8,8,8,8,8,8,7,9,9,9,9,9
668,1965,Steel,4,4,4,4,7,7,7,7,7,7,7,7,7,7,7
669,1965,Steel Continuous,4,4,4,4,7,7,7,7,7,7,7,7,7,7,7
670,1966,Steel Continuous,4,4,4,4,7,7,7,7,7,7,7,7,7,7,7
671,2007,Steel Continuous,4,9,9,9,9,8,8,8,8,8,8,8,8,8,8
672,1993,Prestressed Concrete,8,8,8,8,8,8,8,8,8,8,8,8,8,8,8
674,1955,Steel,5,6,6,6,6,6,6,6,6,7,7,7,7,7,7
675,1965,Steel,6,6,6,6,6,6,6,6,6,6,6,6,6,6,6
676,1965,Steel,8,8,8,8,8,8,7,7,7,7,7,7,7,7,7
678,1958,Steel,5,5,5,5,5,5,4,4,4,4,4,4,4,4,4
681,1951,Steel,6,6,6,6,6,6,6,6,6,6,6,6,6,6,6
683,1954,Steel,5,5,5,5,5,5,5,6,6,6,6,6,6,6,6
684,1955,Steel,6,6,6,6,6,6,6,6,6,6,6,6,6,6,6
685,1986,Prestressed Concrete,6,6,6,6,6,6,6,6,6,6,6,6,6,6,6
686,1957,Steel,5,5,5,5,5,5,5,5,5,6,6,6,6,6,6
687,1956,Steel,6,6,6,6,6,6,6,6,6,6,6,6,6,6,6
688,1985,Prestressed Concrete Continuous,8,8,8,8,8,8,8,8,8,8,8,8,8,8,8
689,1955,Steel,5,5,5,5,5,5,5,5,5,6,6,6,6,7,7
690,2016,Prestressed Concrete,5,5,5,5,5,5,5,5,5,5,9,9,9,9,9
693,1973,Steel,6,6,5,5,6,6,6,6,6,6,6,6,6,6,6
695,2015,Prestressed Concrete,5,5,5,5,5,5,5,5,5,9,9,9,9,9,9
697,1971,Steel,6,6,6,6,5,5,5,5,5,5,5,5,5,5,5
699,1993,Prestressed Concrete,8,8,8,8,8,8,8,8,8,8,8,8,8,8,8
700,1973,Prestressed Concrete,8,8,8,8,8,8,8,8,8,8,8,7,7,7,7
718,1967,Steel,7,7,7,7,7,7,7,7,7,7,6,6,6,6,6
722,1965,Steel,7,7,7,7,7,7,7,7,7,7,7,7,7,7,7
724,1944,Steel,7,6,6,6,6,6,6,6,6,7,7,7,7,7,7
725,1957,Concrete,7,7,7,5,5,4,4,4,4,4,4,4,4,4,4
726,1957,Steel,7,7,7,6,6,6,6,6,6,6,6,6,6,7,7
732,1972,Prestressed Concrete,7,7,7,7,7,7,7,7,7,6,6,6,6,7,7
734,1986,Prestressed Concrete,8,8,8,8,8,8,8,8,8,8,8,7,7,7,7
735,1959,Steel Continuous,6,6,6,6,6,6,6,7,7,7,7,6,6,6,6
736,1959,Steel,6,6,6,6,6,6,6,7,7,7,7,7,7,7,7
737,2015,Prestressed Concrete,5,5,5,5,5,5,5,7,9,9,9,8,8,8,8
740,1981,Prestressed Concrete Continuous,7,7,7,7,7,7,7,7,7,7,7,7,7,7,7
742,1958,Steel,6,6,5,5,5,5,5,5,5,5,6,6,6,6,7
743,1999,Prestressed Concrete,8,8,8,8,8,8,8,8,7,7,7,7,8,8,8
744,1991,Prestressed Concrete,9,9,9,9,9,9,7,7,7,7,7,7,7,7,7
745,1991,Prestressed Concrete,7,7,7,7,7,7,7,7,8,8,8,8,8,8,8
746,1989,Prestressed Concrete,7,7,7,7,7,7,7,7,7,7,7,7,7,7,7
747,1975,Prestressed Concrete,7,7,7,7,7,7,7,7,7,7,7,7,7,7,7
749,1973,Prestressed Concrete,7,7,7,7,7,7,7,7,7,7,7,7,7,7,7
787,1989,Prestressed Concrete,8,8,8,8,8,8,8,8,8,8,8,7,7,7,7
793,1982,Prestressed Concrete,8,8,8,8,8,8,8,8,8,8,8,8,8,7,7
797,1955,Prestressed Concrete,7,7,7,7,7,7,7,7,7,7,7,7,7,7,7
799,1980,Wood or Timber,7,7,7,7,7,7,7,7,7,7,7,7,7,7,8
800,1988,Steel,8,8,7,7,7,7,7,7,7,7,7,7,7,7,7
801,1987,Steel,8,8,6,6,6,6,6,6,6,6,6,6,6,6,6
802,1986,Steel,5,5,5,5,5,5,5,5,5,5,5,6,6,6,6
803,1989,Steel,8,8,6,6,6,6,6,6,6,6,6,6,6,6,6
804,1984,Steel,8,8,6,6,6,6,6,6,6,6,6,6,6,6,6
806,1988,Steel,8,8,7,7,7,7,7,7,7,7,7,7,7,7,7
810,1990,Prestressed Concrete,7,7,7,7,7,7,7,7,7,7,7,7,7,7,7
811,1994,Steel,8,8,8,8,8,8,8,8,8,8,8,8,8,8,8
812,1938,Steel,7,7,7,7,7,7,7,7,7,7,7,7,7,7,7
815,1938,Steel,5,5,5,5,5,5,8,8,8,8,8,8,8,8,8
816,1967,Steel,8,8,8,8,8,8,8,8,8,8,7,7,7,7,7
819,1975,Wood or Timber,6,6,6,6,6,6,6,6,6,6,8,8,8,8,8
820,1967,Steel,8,8,8,8,8,8,8,8,8,8,8,8,8,8,8
821,1967,Steel,7,7,7,7,7,7,7,7,7,7,7,7,7,7,7
822,1967,Steel,8,8,7,7,7,7,7,7,7,7,7,7,7,7,7
823,1967,Steel,7,7,7,7,7,7,7,7,7,7,7,7,7,7,7
825,1983,Wood or Timber,9,9,9,9,9,9,9,9,8,8,8,8,8,8,8
826,1971,Steel,7,7,7,7,7,7,7,7,7,7,5,5,5,5,6
827,1971,Steel,8,8,8,8,8,8,8,8,8,8,6,6,6,6,6
828,1971,Steel,8,8,8,8,8,8,8,8,8,8,7,7,7,7,7
829,1971,Steel,7,7,7,7,7,7,7,7,7,7,7,7,7,7,7
831,1971,Steel,8,8,8,8,8,8,8,8,8,8,8,8,8,8,7
832,1971,Steel,8,8,8,8,8,8,8,8,8,8,7,7,7,7,7
833,1978,Wood or Timber,7,7,8,8,8,8,8,8,8,8,7,7,7,7,7
838,2007,Prestressed Concrete,6,9,9,9,9,9,8,8,8,8,8,8,8,8,8
839,1977,Prestressed Concrete,7,7,7,7,7,7,7,7,7,7,7,7,7,7,7
840,1988,Prestressed Concrete,7,7,7,7,7,7,7,8,8,7,7,7,7,7,7
841,1988,Prestressed Concrete,7,7,7,7,7,7,7,7,7,7,7,7,7,7,7
842,1988,Prestressed Concrete,7,7,7,7,7,7,7,7,7,7,7,7,7,8,8
844,1936,Steel,5,5,5,5,5,5,5,5,5,5,5,5,5,5,5
851,1965,Steel,6,6,6,6,6,6,6,6,6,6,6,6,6,6,6
852,1965,Steel,6,6,6,6,6,6,6,6,6,6,6,6,6,6,6
853,1972,Prestressed Concrete,5,7,7,7,7,7,7,7,7,7,7,7,7,7,7
854,1973,Prestressed Concrete,5,8,8,8,8,8,8,8,8,8,8,8,8,8,8
855,1989,Prestressed Concrete,5,8,8,8,8,8,8,8,8,8,8,8,8,8,8
857,1971,Steel Continuous,6,6,5,5,5,5,5,5,6,6,6,6,6,6,6
858,1968,Steel Continuous,5,5,5,5,5,5,5,6,6,6,6,5,5,6,6
864,2017,Prestressed Concrete,5,5,5,4,4,4,4,4,4,4,4,9,9,9,9
865,2007,Prestressed Concrete,5,9,9,9,9,9,9,8,8,8,8,8,8,7,7
868,1967,Steel,6,6,6,6,6,6,6,6,6,6,6,6,6,6,6
870,1981,Prestressed Concrete,8,8,8,8,8,8,8,8,8,8,8,7,7,7,7
873,1968,Concrete,7,7,7,7,7,7,7,8,8,8,8,8,8,7,7
881,2013,Prestressed Concrete,6,6,6,6,5,5,5,9,9,9,9,9,9,9,9
888,1991,Prestressed Concrete,5,6,6,6,6,6,6,7,7,6,6,6,6,7,7
893,1941,Steel,5,5,5,5,5,5,5,5,5,5,5,5,5,5,5
910,1949,Steel,5,8,8,8,8,7,7,6,6,6,6,6,6,6,6
915,2015,Steel,7,7,7,7,7,7,7,7,7,8,8,8,8,8,8
940,1987,Prestressed Concrete,6,6,6,6,6,6,6,6,6,6,6,6,6,6,6
944,1970,Steel,5,5,5,5,5,5,5,5,5,5,5,5,5,5,5
959,1974,Prestressed Concrete,5,5,5,5,5,5,5,7,7,7,7,7,7,6,6
960,1996,Prestressed Concrete,8,8,8,7,7,7,7,7,7,7,7,7,7,7,7
969,1966,Concrete continuous,6,6,6,6,6,6,6,6,6,6,6,6,6,6,6
970,1979,Prestressed Concrete,7,7,7,7,7,7,7,7,7,7,7,6,6,6,6
971,2003,Prestressed Concrete,9,9,9,9,9,9,9,8,8,8,8,7,7,7,7
972,2012,Prestressed Concrete,6,6,6,6,6,6,9,9,9,9,9,8,8,7,7
978,1969,Steel,6,7,7,7,7,7,6,6,6,6,6,7,7,7,7
979,1987,Steel,5,4,4,4,4,4,4,4,4,4,4,5,5,5,5
983,1974,Prestressed Concrete,7,7,7,7,7,7,7,7,7,7,7,7,7,7,7
986,1995,Prestressed Concrete,7,7,7,7,7,7,7,7,7,7,7,7,7,7,7
987,1980,Prestressed Concrete,7,7,7,7,7,7,7,7,7,7,7,7,7,7,7
988,1960,Concrete continuous,5,5,5,5,4,4,4,4,5,5,5,5,5,5,5
989,1980,Prestressed Concrete,7,7,8,8,8,8,8,8,6,6,6,6,6,6,6
990,1980,Prestressed Concrete,7,7,7,7,7,7,7,7,7,7,7,7,7,7,7
992,1980,Prestressed Concrete,7,7,7,7,7,7,7,7,7,7,6,6,6,6,6
997,1956,Prestressed Concrete,6,7,7,7,7,7,7,7,7,7,7,7,7,7,7
999,1967,Steel,5,5,5,5,5,5,5,5,5,5,5,5,5,7,7
1001,1967,Steel,6,6,6,6,6,6,6,6,6,5,5,6,6,6,6
1006,1996,Steel,7,7,7,7,7,7,7,7,7,7,7,7,7,7,7
1008,1967,Steel,6,6,7,7,7,7,7,7,7,7,7,7,7,7,7
1009,1975,Wood or Timber,6,6,6,6,6,6,6,6,6,6,6,6,6,6,8
1017,1979,Wood or Timber,7,7,7,7,7,7,7,7,7,7,7,7,7,7,7
1018,1985,Steel,7,6,6,6,6,6,6,6,6,6,6,6,6,7,7
1020,1958,Wood or Timber,5,6,6,6,6,6,6,6,6,5,5,5,5,5,5
1021,1959,Wood or Timber,5,7,7,7,7,6,6,6,6,6,6,7,7,5,5
1024,1990,Prestressed Concrete,8,6,6,6,6,6,6,6,6,7,7,7,7,7,7
1025,1969,Steel Continuous,5,8,8,8,8,8,8,8,8,7,7,7,7,7,7
1027,2008,Prestressed Concrete,6,6,6,7,7,7,7,7,7,8,8,8,8,8,8
1030,1993,Prestressed Concrete,7,7,7,7,7,7,7,7,7,7,7,7,7,7,7
1031,1991,Prestressed Concrete,8,8,8,8,8,8,8,8,8,8,8,8,7,7,7
1068,1934,Concrete continuous,5,5,5,5,5,5,5,5,5,7,7,6,6,6,6
1069,1950,Concrete,7,7,7,7,7,7,7,8,8,7,7,7,7,7,7
1075,1971,Steel,6,6,6,6,6,6,6,6,6,6,6,6,6,6,6
1078,1962,Steel Continuous,7,7,7,7,7,7,7,7,7,7,7,7,7,6,6
1080,1969,Prestressed Concrete,8,7,7,7,7,7,7,7,7,7,7,7,7,6,6
1081,1973,Prestressed Concrete,7,7,7,7,7,7,7,7,7,7,7,7,7,7,7
1089,1998,Prestressed Concrete,8,8,8,8,8,8,8,8,8,8,8,8,8,7,7
1092,1967,Steel,7,7,7,7,7,7,7,7,7,7,7,7,7,7,7
1094,1966,Steel Continuous,7,7,7,7,7,7,7,7,6,6,7,7,8,8,7
1098,1979,Steel,5,5,5,5,5,5,5,5,5,5,5,5,5,5,5
1112,1961,Wood or Timber,7,7,7,7,7,7,7,7,7,7,6,6,6,6,6
1127,1978,Prestressed Concrete,6,6,6,6,6,6,6,6,5,5,5,5,5,5,5
1131,1967,Prestressed Concrete Continuous,7,7,7,6,6,6,6,6,6,6,6,6,6,6,6
1132,1967,Prestressed Concrete Continuous,7,7,7,6,6,6,6,6,6,6,6,6,6,6,6
1133,1967,Prestressed Concrete,6,6,6,5,5,5,5,6,6,6,6,5,5,5,5
1136,1991,Steel,8,4,4,4,4,9,9,8,8,7,7,7,7,6,6
1140,2017,Prestressed Concrete,7,7,7,7,7,7,7,7,7,7,7,9,9,9,9
1141,1969,Steel,6,6,6,6,5,5,5,5,5,5,5,5,5,5,5
1142,1969,Steel,6,6,6,6,6,6,6,6,6,6,6,6,6,6,6
1143,1970,Steel,6,6,6,6,6,6,6,6,6,6,6,6,6,6,6
1144,1971,Steel,6,6,6,6,6,6,6,6,6,6,6,6,6,6,6
1145,1971,Steel,6,6,6,6,6,6,6,6,6,6,6,6,6,6,6
1146,1971,Steel,7,7,7,7,7,7,7,7,7,7,7,7,7,7,7
1147,1970,Steel Continuous,6,6,8,8,8,8,7,7,7,7,7,7,7,7,7
1149,1974,Steel Continuous,8,8,8,8,8,8,8,8,8,8,8,8,8,8,8
1152,1981,Prestressed Concrete,7,7,7,7,7,7,7,7,7,7,7,7,7,7,7
1153,1968,Steel,7,7,7,7,7,7,7,7,7,7,7,7,7,7,7
1155,1969,Steel Continuous,6,6,6,6,6,6,6,6,6,6,6,5,5,5,5
1157,2013,Prestressed Concrete,6,6,6,6,6,6,6,9,9,9,9,9,9,9,9
1160,2013,Prestressed Concrete,6,6,6,6,6,6,6,9,9,9,9,9,9,9,9
1161,1975,Prestressed Concrete,6,6,6,6,7,7,7,7,7,7,7,7,7,7,7
1179,2004,Prestressed Concrete,9,9,9,9,9,9,7,7,7,7,7,7,7,7,7
1184,1996,Steel,7,7,7,7,7,7,7,7,7,7,7,7,7,7,7
1185,2014,Steel,5,5,5,5,5,5,5,5,9,9,8,8,8,8,8
1187,1973,Steel Continuous,5,5,6,6,6,6,6,6,6,6,7,7,7,7,7
1188,1973,Prestressed Concrete,8,8,8,8,8,8,8,8,8,8,8,7,7,7,7
1189,1986,Steel Continuous,6,6,6,6,4,4,4,4,5,5,5,5,5,5,5
1190,1971,Steel,5,5,5,5,5,5,5,5,5,5,5,5,5,5,5
1191,1977,Prestressed Concrete,6,6,6,6,6,6,6,6,6,6,6,6,6,6,6
1192,1991,Prestressed Concrete,7,7,7,7,7,7,7,7,7,7,7,7,7,7,7
1193,1973,Steel,4,4,4,4,4,4,4,4,4,4,4,4,4,4,4
1194,1991,Steel,5,5,5,5,5,5,5,5,5,5,5,5,5,5,5
1195,2016,Prestressed Concrete,6,6,6,6,6,6,6,6,6,5,9,9,9,9,9
1196,1985,Prestressed Concrete,8,8,7,7,7,7,7,7,6,6,7,7,7,7,7
1197,1973,Prestressed Concrete,8,8,8,8,8,8,8,8,8,8,8,8,8,8,8
1199,1968,Steel,7,7,7,7,7,6,6,6,6,6,6,6,6,7,7
1200,1969,Steel,7,7,7,7,7,7,7,7,7,7,7,7,7,7,5
1201,1980,Wood or Timber,7,7,7,7,7,7,7,7,7,7,7,7,7,7,7
1203,2005,Prestressed Concrete,9,9,9,9,9,9,9,8,8,8,8,7,7,7,7
1204,2005,Prestressed Concrete,9,9,9,9,9,9,9,9,9,8,8,8,8,8,8
1205,2005,Prestressed Concrete,9,9,9,9,9,9,9,9,9,8,8,7,7,7,7
1207,2006,Prestressed Concrete,9,9,9,9,9,9,9,9,9,8,8,7,7,7,7
1208,2006,Prestressed Concrete,9,9,9,9,9,9,9,8,8,8,8,7,7,7,7
1209,1980,Wood or Timber,5,5,5,5,5,5,5,5,5,5,5,5,5,5,5
1213,1982,Prestressed Concrete,7,7,7,7,7,7,7,7,7,7,7,7,5,5,5
1214,1999,Prestressed Concrete,8,8,8,8,8,8,8,8,8,8,8,8,8,8,8
1216,2017,Prestressed Concrete,7,7,7,7,7,7,7,7,5,5,5,9,9,9,8
1217,1965,Wood or Timber,6,6,6,6,6,6,6,6,6,7,7,7,7,7,7
1220,1971,Concrete continuous,9,9,9,9,9,9,9,9,9,9,9,9,7,7,7
1221,1977,Prestressed Concrete,8,8,8,8,8,8,8,8,8,8,8,7,7,7,7
1222,1978,Prestressed Concrete,7,7,7,7,7,7,7,7,7,7,7,7,7,7,7
1228,1974,Steel Continuous,7,7,7,7,7,7,7,7,6,6,8,8,7,7,7
1229,1974,Steel Continuous,7,7,7,7,7,7,7,7,6,6,7,7,7,7,7
1230,1977,Prestressed Concrete,8,8,8,8,8,8,8,6,6,6,6,6,6,6,6
1234,1975,Wood or Timber,6,6,6,6,6,6,6,6,6,6,7,7,7,7,7
1235,1983,Steel,7,7,7,7,7,7,7,7,7,7,7,7,7,7,8
1238,2013,Prestressed Concrete,2,2,2,2,2,2,2,9,9,8,8,8,8,8,8
1241,1973,Steel Continuous,7,7,7,7,7,7,7,7,7,7,7,7,7,6,6
1242,1971,Steel,7,7,7,7,7,7,7,7,7,7,7,7,7,7,7
1244,1985,Prestressed Concrete,8,8,8,8,8,8,8,8,8,8,8,8,8,8,8
1248,1985,Prestressed Concrete,8,8,8,8,8,8,8,8,8,8,8,7,7,6,6
1250,2016,Prestressed Concrete,7,7,7,7,7,6,6,5,5,5,9,9,9,9,9
1253,1995,Steel,7,7,7,7,7,7,7,7,7,7,7,7,7,7,7
1266,1977,Steel,6,6,6,6,6,6,6,6,6,7,7,7,7,6,6
1269,1999,Prestressed Concrete,8,8,8,8,8,8,8,8,8,8,8,8,8,7,7
1273,1973,Prestressed Concrete,5,5,5,5,5,5,5,5,5,5,5,6,6,6,6
1274,1972,Wood or Timber,6,6,7,7,7,7,7,7,7,7,7,7,7,7,7
1276,1976,Wood or Timber,6,6,6,6,6,6,6,6,5,5,7,7,6,6,6
1279,1993,Prestressed Concrete,8,8,8,8,7,7,7,7,7,7,7,7,6,6,6
1291,1985,Wood or Timber,7,7,7,7,7,7,7,8,8,8,8,8,8,8,8
1295,1995,Prestressed Concrete,8,8,8,8,8,8,8,8,8,6,6,6,6,7,7
1298,2006,Steel,6,9,8,8,8,8,8,8,8,8,8,8,8,8,8
1303,2002,Prestressed Concrete,9,9,9,9,9,9,8,8,8,8,8,8,8,8,8
1304,1976,Steel,7,7,7,7,7,7,7,7,6,6,7,7,7,7,7
1308,2000,Steel Continuous,6,6,6,6,6,6,6,6,5,5,5,5,5,5,5
1320,1980,Prestressed Concrete,5,5,5,5,5,5,5,5,5,6,6,6,6,6,6
1321,1981,Steel,7,7,7,7,7,7,7,7,7,7,7,7,7,7,7
1322,2017,Prestressed Concrete,6,6,6,6,6,6,6,6,6,6,6,9,9,8,8
1323,1974,Prestressed Concrete,6,7,7,7,7,7,7,7,7,7,7,7,7,7,7
1324,1974,Prestressed Concrete,5,5,5,5,5,5,5,5,5,5,5,5,5,5,5
1325,1976,Prestressed Concrete,5,5,5,5,5,5,5,5,5,5,5,5,5,5,5
1326,1974,Prestressed Concrete,8,8,8,8,8,8,8,7,7,7,7,7,7,7,7
1328,1974,Prestressed Concrete,6,6,6,6,6,6,6,7,7,7,7,7,7,7,7
1329,1975,Prestressed Concrete,6,6,6,6,6,6,6,6,7,7,7,7,7,7,7
1333,2000,Prestressed Concrete,7,7,7,7,7,7,7,7,7,7,7,7,7,7,7
1341,1974,Prestressed Concrete,6,6,6,6,6,6,6,6,6,6,6,6,6,6,6
1342,1978,Prestressed Concrete,6,6,6,6,6,6,6,6,7,7,7,7,7,7,7
1343,1976,Prestressed Concrete,6,6,6,6,6,6,6,6,6,6,6,7,7,7,7
1344,1977,Steel Continuous,6,6,6,6,6,6,6,6,6,6,6,6,6,6,6
1349,1978,Wood or Timber,5,5,5,5,5,5,5,5,5,5,5,5,5,5,5
1350,2012,Prestressed Concrete,6,6,6,6,6,6,9,9,9,9,9,9,9,9,6
1355,1976,Prestressed Concrete,6,6,6,6,6,6,6,6,6,6,6,7,7,7,7
1356,1976,Prestressed Concrete,6,6,6,6,6,6,6,6,6,6,6,6,6,6,6
1360,1998,Prestressed Concrete,8,8,8,8,8,8,8,8,8,8,8,8,8,8,8
1362,1998,Prestressed Concrete,8,8,8,8,8,8,8,7,7,7,7,7,7,8,8
1363,1998,Prestressed Concrete,8,8,8,8,8,8,8,8,8,8,8,8,8,8,8
1364,1977,Prestressed Concrete,5,5,5,5,5,5,6,6,7,7,7,7,6,6,6
1365,2002,Prestressed Concrete,9,9,9,9,9,9,9,9,9,9,9,9,9,9,9
1367,1981,Prestressed Concrete,8,8,8,8,8,8,8,8,8,8,8,8,8,6,6
1368,1977,Prestressed Concrete,8,8,8,8,8,8,8,8,8,8,8,8,8,8,8
1369,1977,Prestressed Concrete,8,8,8,8,8,8,8,8,8,7,7,7,7,7,7
1374,1978,Prestressed Concrete,6,6,6,6,6,6,6,4,4,4,4,4,4,4,4
1375,1985,Prestressed Concrete,8,8,8,8,8,8,8,8,8,8,8,7,7,7,7
1378,1980,Prestressed Concrete,8,8,8,7,7,7,7,8,8,8,8,8,8,8,8
1380,1978,Prestressed Concrete,8,8,8,7,7,7,7,7,7,7,7,7,7,7,7
1383,1980,Prestressed Concrete,8,8,8,8,8,8,8,7,7,7,7,6,6,6,6
1384,1980,Prestressed Concrete,8,8,8,8,8,8,8,7,7,7,7,7,7,7,7
1386,2008,Prestressed Concrete,7,7,9,9,9,9,9,9,8,8,8,8,8,8,8
1389,1992,Prestressed Concrete,8,8,8,8,8,8,8,8,8,7,7,7,7,7,7
1391,1990,Prestressed Concrete,8,8,8,6,6,6,6,6,6,6,6,6,6,6,6
1392,1990,Prestressed Concrete,8,8,8,6,6,6,6,6,6,6,6,6,6,6,6
1394,1978,Wood or Timber,8,8,8,8,8,8,8,8,8,8,6,6,7,7,8
1400,2002,Prestressed Concrete,9,9,9,9,9,9,8,8,8,8,8,8,8,8,8
1407,1983,Prestressed Concrete,6,6,7,7,6,6,5,5,5,5,6,6,6,6,6
1409,1973,Wood or Timber,8,8,8,8,8,8,8,8,8,8,8,8,8,8,8
1414,1978,Steel,5,5,5,5,5,5,5,5,5,5,5,5,5,5,5
1415,2002,Prestressed Concrete,8,7,7,7,7,7,7,7,7,7,7,7,7,7,7
1417,2010,Steel,6,6,6,6,9,9,9,9,9,8,8,8,8,8,8
1423,1967,Steel,7,6,6,6,6,6,6,6,6,6,6,6,6,6,4
1424,2005,Steel,7,7,6,6,6,6,6,6,6,6,6,6,6,6,6
1425,2016,Prestressed Concrete,7,7,7,7,7,7,6,6,6,6,9,9,9,9,8
1426,2012,Steel,1,1,2,2,2,2,9,9,9,9,9,9,9,9,9
1429,2004,Steel,9,9,6,6,6,6,6,6,7,7,7,7,7,7,7
1432,1991,Prestressed Concrete,8,8,8,8,8,8,8,8,8,8,8,8,8,7,7
1433,1985,Prestressed Concrete,8,8,8,8,8,8,8,7,7,7,7,7,7,6,6
1434,1979,Wood or Timber,8,8,8,8,8,8,8,8,8,8,7,7,7,7,7
1438,2003,Prestressed Concrete,6,6,6,6,6,6,8,8,8,8,8,8,8,8,8
1439,2000,Prestressed Concrete,8,8,8,8,8,8,8,8,8,8,8,8,8,8,8
1441,1983,Prestressed Concrete,7,7,7,7,7,7,7,7,7,7,7,7,7,7,7
1442,1982,Prestressed Concrete,7,7,7,7,7,7,7,7,7,7,7,7,7,7,7
1443,1985,Prestressed Concrete,8,8,8,8,8,8,8,8,8,8,8,7,7,7,7
1444,1981,Prestressed Concrete,8,8,8,8,8,8,8,8,8,8,8,8,8,7,7
1445,1981,Prestressed Concrete,8,8,8,8,8,8,8,8,8,8,8,8,8,8,8
1448,1989,Prestressed Concrete,8,8,8,8,8,8,8,8,6,6,6,6,6,6,6
1450,1983,Prestressed Concrete,8,8,8,8,8,8,7,6,6,6,6,6,6,6,6
1451,1977,Prestressed Concrete,5,5,3,3,3,3,3,3,3,3,3,3,3,3,8
1455,1988,Steel,8,8,8,8,8,7,7,7,7,7,7,7,7,7,7
1456,1975,Steel Continuous,7,7,7,7,7,7,7,7,7,7,7,7,7,7,7
1457,1975,Wood or Timber,5,5,5,5,5,5,5,5,5,5,5,5,5,7,7
1458,1975,Steel Continuous,5,5,5,5,5,5,7,7,7,7,7,7,7,8,8
1462,1975,Steel Continuous,5,5,5,5,5,5,7,7,7,7,7,7,7,7,7
1463,1975,Wood or Timber,5,5,5,5,5,5,5,5,5,7,7,7,7,8,8
1464,1989,Prestressed Concrete,6,6,6,6,6,5,5,4,4,4,4,4,4,4,4
1472,1950,Wood or Timber,4,4,4,3,3,3,3,3,3,7,8,8,8,8,8
1473,1960,Wood or Timber,5,5,5,4,4,4,4,4,4,5,5,5,5,6,6
1474,1982,Steel,8,8,7,7,7,7,7,7,7,7,7,7,7,7,7
1490,1992,Steel,8,8,8,8,8,8,8,8,8,8,8,8,8,8,7
1491,1992,Prestressed Concrete,8,7,7,7,7,7,7,7,7,7,7,7,7,7,7
1501,1989,Steel,7,7,7,7,7,7,7,7,7,7,7,7,6,6,6
1504,2010,Steel,6,6,6,6,9,9,9,9,9,9,9,9,9,9,9
1508,1978,Concrete,8,8,8,8,8,7,7,7,7,7,7,7,7,5,5
1509,1978,Concrete,8,8,8,8,8,8,8,8,8,8,8,7,7,7,7
1512,1981,Wood or Timber,4,4,4,4,4,4,5,5,5,5,5,8,7,7,7
1513,1982,Wood or Timber,7,7,7,7,7,7,7,7,7,7,7,7,7,7,7
1514,1982,Wood or Timber,6,6,6,6,6,6,6,6,7,7,9,9,8,8,8
1515,1994,Steel,6,6,6,6,6,6,6,6,6,6,7,7,7,7,7
1516,1982,Wood or Timber,6,6,6,6,6,6,6,6,7,7,7,7,7,7,7
1518,1982,Wood or Timber,5,5,5,5,5,5,5,5,7,7,7,7,7,7,7
1519,2017,Prestressed Concrete,7,7,7,7,7,7,7,7,7,7,7,9,9,9,9
1520,2013,Prestressed Concrete,7,7,7,7,7,7,7,8,7,7,9,9,9,9,8
1521,1982,Wood or Timber,5,5,5,5,5,5,5,5,6,6,7,7,7,7,7
1525,1986,Prestressed Concrete,6,6,6,6,6,6,7,7,7,7,7,7,7,7,7
1526,1986,Prestressed Concrete,8,8,8,8,8,8,8,8,8,7,7,7,7,6,6
1531,2006,Steel,9,9,9,9,9,9,9,9,7,7,7,7,7,7,7
1536,1989,Wood or Timber,7,7,7,7,5,5,5,5,5,5,5,5,5,5,5
1541,2016,Prestressed Concrete,7,7,7,7,7,7,7,7,7,7,8,8,8,8,8
1547,1995,Steel,5,5,5,5,5,5,5,5,5,5,5,5,5,5,5
1556,1980,Wood or Timber,6,6,5,5,6,6,6,6,6,6,6,6,5,5,5
1560,1982,Wood or Timber,6,6,6,6,6,6,6,6,8,8,8,8,8,8,8
1564,1983,Prestressed Concrete,7,7,7,7,7,7,7,7,7,7,7,7,7,7,7
1566,1985,Prestressed Concrete,8,8,8,8,8,8,8,8,8,7,7,7,7,7,7
1567,1985,Prestressed Concrete,8,8,8,8,8,8,8,8,8,8,8,8,8,8,8
1568,1985,Prestressed Concrete,8,8,8,8,8,8,8,8,8,8,8,8,8,8,8
1569,1985,Prestressed Concrete,8,8,8,8,8,8,8,8,8,8,8,8,8,8,8
1600,1991,Prestressed Concrete,6,6,6,7,7,7,7,6,6,6,6,6,6,6,6
1603,1985,Prestressed Concrete,8,8,8,8,8,8,8,7,7,7,7,7,7,7,7
1605,1982,Prestressed Concrete,8,8,8,8,8,8,8,8,8,8,8,8,8,8,8
1606,1982,Prestressed Concrete,8,8,8,8,8,8,8,8,8,8,8,8,8,8,8
1607,1982,Prestressed Concrete,7,7,7,7,7,7,7,7,7,7,7,7,7,7,7
1608,1982,Prestressed Concrete,8,8,8,8,8,7,7,7,7,7,7,7,7,8,8
1628,1985,Prestressed Concrete Continuous,7,7,7,7,7,7,7,7,7,7,7,7,7,7,7
1629,1985,Prestressed Concrete,7,7,7,7,7,7,7,7,7,7,7,7,7,7,7
1630,2009,Steel,7,7,7,7,7,7,7,7,7,7,7,7,7,7,6
1631,1995,Steel,7,7,7,7,7,7,7,7,7,7,7,7,7,7,7
1635,2012,Steel,7,7,7,7,7,7,7,5,5,5,6,6,5,5,5
1636,2003,Steel,7,7,7,7,7,7,7,7,8,8,8,8,8,8,8
1641,1984,Steel,7,7,7,1,6,6,6,6,7,7,7,7,7,7,6
1663,1994,Wood or Timber,6,6,6,6,7,7,7,7,7,7,7,7,7,7,7
1664,2002,Steel,8,8,8,8,8,8,8,8,7,7,7,7,7,7,7
1669,1988,Steel,6,6,6,6,6,6,6,6,6,6,8,8,8,8,8
1675,1981,Steel,7,7,7,7,7,7,7,7,7,7,7,7,7,7,7
1676,1983,Prestressed Concrete,6,5,5,5,5,5,5,5,5,6,6,6,6,6,6
1679,1982,Wood or Timber,6,6,6,6,6,6,6,6,6,5,5,5,5,5,5
1684,2009,Prestressed Concrete,4,4,4,9,9,9,9,9,9,9,9,9,9,8,8
1685,1982,Wood or Timber,6,6,6,6,6,6,6,6,6,5,5,4,4,4,4
1686,2014,Steel,6,6,8,8,7,7,7,7,9,9,9,9,9,9,9
1689,1987,Prestressed Concrete,5,5,5,5,5,5,5,5,5,5,5,5,5,5,5
1690,1985,Wood or Timber,7,7,7,7,7,7,7,7,7,7,7,7,7,7,7
1691,1985,Wood or Timber,7,7,7,7,7,7,7,7,7,7,7,7,7,7,7
1694,1985,Prestressed Concrete,8,8,8,8,8,8,8,8,8,8,8,7,7,7,7
1695,1985,Prestressed Concrete,8,8,8,8,8,8,8,8,8,8,8,7,7,7,7
1697,1989,Prestressed Concrete,8,8,8,8,8,8,8,8,7,7,7,7,7,7,7
1698,1984,Prestressed Concrete,7,7,7,7,7,7,7,7,7,7,7,7,6,6,6
1701,1997,Prestressed Concrete,8,8,8,8,8,8,8,7,7,7,7,7,7,7,7
1704,1982,Steel,4,4,4,4,4,4,4,4,4,4,4,4,4,4,4
1705,1988,Prestressed Concrete,8,8,8,8,8,8,8,8,8,8,8,8,8,8,8
1706,1988,Prestressed Concrete,8,8,8,8,8,8,8,8,8,8,8,8,8,8,8
1707,1988,Prestressed Concrete,8,8,8,8,8,8,8,8,8,8,8,8,8,8,8
1709,2012,Steel,5,5,5,5,5,5,9,9,9,9,9,9,9,9,9
1712,2013,Steel,5,5,5,5,5,5,4,4,9,9,9,9,8,8,8
1713,2011,Steel,3,3,3,3,3,9,9,9,9,9,9,9,9,9,9
1714,2002,Steel,7,7,7,7,7,7,7,7,7,7,7,7,7,7,7
1730,1984,Prestressed Concrete,8,8,8,8,8,8,8,8,8,8,8,8,8,8,8
1731,1984,Prestressed Concrete,8,8,8,8,8,8,8,8,8,8,8,8,8,8,8
1739,1992,Steel Continuous,7,7,7,7,7,7,7,7,7,7,7,7,7,7,7
1744,1982,Prestressed Concrete,8,8,8,8,8,8,8,8,8,8,8,7,7,7,7
1746,1989,Prestressed Concrete,8,8,8,8,8,8,8,8,8,7,7,7,7,7,7
1750,1983,Prestressed Concrete,6,6,6,6,6,6,6,5,5,5,5,5,5,5,5
1755,1980,Prestressed Concrete,6,6,6,6,6,6,5,5,5,5,5,5,5,5,5
1759,2003,Steel,8,8,8,8,8,8,8,8,8,8,8,8,8,8,8
1764,1985,Wood or Timber,7,7,7,7,7,7,7,7,7,7,7,7,7,7,7
1766,1991,Prestressed Concrete,7,7,7,7,7,7,7,7,8,8,8,8,8,8,8
1767,1986,Prestressed Concrete,5,5,5,5,6,6,6,6,6,6,6,6,7,7,7
1781,2011,Prestressed Concrete,6,5,5,5,5,9,9,7,7,7,7,7,7,8,8
1782,2012,Prestressed Concrete,1,1,1,1,1,1,8,8,8,8,8,8,8,8,8
1783,2006,Prestressed Concrete,9,9,9,9,9,9,9,9,9,8,8,7,7,7,7
1786,2013,Prestressed Concrete,4,4,4,4,4,4,4,9,9,9,9,9,9,8,8
1793,1993,Prestressed Concrete,8,8,8,8,8,8,8,8,8,8,8,8,8,8,8
1794,1993,Steel,6,6,6,6,6,6,6,6,6,6,6,6,6,6,6
1800,1986,Wood or Timber,6,6,6,6,6,6,6,6,6,6,6,6,6,6,6
1806,1991,Prestressed Concrete,9,9,9,9,9,9,9,9,9,9,8,8,7,7,7
1807,1991,Prestressed Concrete,8,8,8,8,8,8,8,8,8,8,7,7,7,7,7
1808,1991,Steel,7,7,7,7,7,7,7,7,7,7,7,7,7,7,7
1819,1988,Steel,8,8,7,7,7,7,7,7,7,7,7,7,7,7,7
1822,1981,Steel,6,6,6,6,6,6,6,6,6,6,6,6,6,6,6
1823,1986,Steel,8,8,7,7,7,7,7,7,7,7,7,7,7,7,7
1831,1987,Steel,7,7,7,7,8,8,8,8,8,8,8,8,8,8,8
1832,1971,Steel,6,6,6,6,6,6,6,6,6,6,6,6,8,8,7
1834,1987,Steel,5,5,5,5,5,5,5,5,5,5,5,6,6,6,6
1838,1986,Wood or Timber,5,4,4,4,4,6,6,6,6,6,6,6,6,6,6
1840,1970,Wood or Timber,8,8,8,8,8,7,7,7,7,7,7,7,7,7,7
1841,1960,Wood or Timber,5,4,4,4,4,4,4,4,4,4,4,4,4,4,4
1844,2004,Steel,8,8,8,8,8,8,8,8,8,8,8,8,8,8,8
1845,1992,Prestressed Concrete,8,8,8,8,8,8,8,8,8,8,8,8,8,8,8
1861,2013,Prestressed Concrete,6,6,6,6,6,6,6,9,9,9,9,9,9,9,9
1863,1973,Prestressed Concrete,8,8,8,8,8,8,8,8,8,8,8,8,8,8,8
1864,1977,Prestressed Concrete,8,8,8,8,8,8,8,6,6,6,6,6,6,6,6
1865,1977,Steel,6,6,6,6,6,6,6,6,6,6,6,6,6,6,6
1866,1977,Prestressed Concrete,5,5,5,5,6,6,7,7,7,7,7,7,7,7,7
1867,1981,Prestressed Concrete,8,8,8,8,8,8,8,7,7,7,7,7,7,6,6
1868,1977,Prestressed Concrete,8,8,8,8,8,8,8,6,6,7,7,7,7,6,6
1869,1980,Prestressed Concrete,6,6,6,7,7,7,7,6,6,6,6,6,6,6,6
1873,2006,Steel,5,6,6,6,6,6,6,6,6,7,7,7,7,6,6
1877,2003,Steel,8,8,8,8,8,7,7,7,7,7,7,7,7,7,7
1878,1997,Prestressed Concrete,8,8,8,8,8,8,8,8,8,8,8,8,8,8,8
1879,1997,Prestressed Concrete,8,8,8,8,8,8,8,8,8,8,8,8,8,8,8
1883,1994,Prestressed Concrete,8,8,8,8,8,8,8,7,7,7,7,7,7,6,6
1884,1994,Prestressed Concrete,8,8,8,8,8,8,8,8,8,8,8,8,8,8,8
1885,1993,Steel Continuous,7,7,7,7,7,7,7,7,7,7,7,7,7,7,7
1887,1993,Prestressed Concrete,8,8,8,8,8,8,8,7,7,7,7,7,7,7,7
1888,1993,Prestressed Concrete,8,8,8,8,8,8,8,7,7,7,7,7,7,7,7
1889,1993,Steel Continuous,6,6,6,6,6,6,6,5,5,6,6,6,6,6,6
1890,1995,Steel,6,6,6,6,6,6,6,6,6,6,6,6,6,6,6
1891,1998,Wood or Timber,7,7,7,7,7,7,7,7,6,6,6,6,6,6,6
1893,1996,Steel,8,8,8,7,7,7,7,7,7,7,7,7,7,7,7
1894,1996,Steel,8,8,8,8,8,8,8,8,8,8,8,8,8,8,8
1895,1996,Steel,8,8,8,8,8,7,7,7,7,7,7,7,7,7,7
1897,2002,Prestressed Concrete,8,8,8,8,8,8,8,8,8,8,7,7,7,7,7
1899,1997,Steel,6,6,6,6,6,6,6,6,6,6,6,6,6,6,6
1900,1997,Steel,7,7,7,7,7,7,7,7,7,7,6,6,6,6,6
1903,2000,Prestressed Concrete,8,8,8,8,8,8,8,8,8,8,8,8,8,8,8
1912,1994,Prestressed Concrete,8,8,8,8,8,8,8,8,8,8,8,8,8,8,8
1913,1995,Prestressed Concrete,8,8,8,8,8,8,8,8,8,8,8,8,8,8,8
1914,1995,Prestressed Concrete,7,7,7,7,7,7,7,7,7,7,7,7,7,7,7
1922,1995,Prestressed Concrete,9,9,8,8,8,8,8,8,8,8,8,8,8,8,7
1923,2002,Prestressed Concrete,8,8,8,8,8,8,8,8,8,8,8,8,8,8,8
1928,1993,Prestressed Concrete,7,7,7,7,7,7,7,7,7,7,7,7,7,7,7
1932,2002,Steel,7,7,7,7,6,6,6,6,6,6,6,6,6,6,6
1935,2002,Steel,7,7,7,7,7,7,7,7,7,7,7,7,7,7,7
1936,1992,Steel,6,6,6,6,6,6,6,6,5,5,4,4,4,4,4
1940,1992,Steel,8,8,8,8,8,8,8,8,8,8,8,7,7,7,7
1943,1994,Prestressed Concrete,8,8,8,8,8,8,8,8,8,8,8,8,8,8,8
1945,1992,Wood or Timber,6,6,6,6,6,6,6,6,6,6,6,6,6,6,6
1946,1992,Concrete,5,5,5,5,5,5,5,5,5,5,5,5,5,5,5
1950,1998,Prestressed Concrete,8,8,8,8,8,8,7,7,7,7,7,7,7,7,7
1951,1997,Steel Continuous,8,8,8,8,7,7,7,7,7,7,7,7,7,7,7
1953,1997,Wood or Timber,7,7,8,8,8,8,8,8,8,8,8,8,8,8,8
1956,2013,Prestressed Concrete,7,7,7,7,7,7,7,9,9,9,9,9,8,8,8
1957,2006,Steel,9,9,9,9,7,7,7,7,7,7,7,7,8,8,8
1958,1991,Steel,7,7,4,4,4,4,4,4,2,2,2,2,2,2,2
1959,2002,Prestressed Concrete,8,8,8,8,8,8,8,8,8,8,8,8,8,8,8
1960,1996,Steel,6,6,6,6,6,6,6,6,6,6,7,7,7,7,7
1961,1999,Prestressed Concrete,8,8,8,8,8,8,7,7,7,7,7,7,7,7,7
1962,1999,Prestressed Concrete,8,8,8,8,8,8,8,7,7,7,7,7,7,7,7
1964,1997,Prestressed Concrete,8,8,8,8,8,8,8,8,8,7,7,7,7,8,8
1971,1998,Prestressed Concrete,8,8,7,7,7,7,7,7,6,6,7,7,7,7,7
1972,1998,Steel,7,7,7,7,6,6,6,6,6,6,6,6,6,6,6
1973,1999,Prestressed Concrete,8,8,8,8,8,8,8,8,8,8,8,7,7,7,7
1980,2003,Prestressed Concrete,9,9,9,9,9,9,9,9,8,8,8,8,8,8,8
1981,2005,Prestressed Concrete,9,9,9,9,8,8,8,8,8,8,8,8,8,8,8
1985,1998,Steel,6,6,6,6,6,6,9,9,8,8,8,8,8,8,8
1987,2013,Steel,8,8,5,5,5,5,5,9,9,9,9,9,9,9,9
1989,2005,Prestressed Concrete,9,9,8,8,8,8,8,8,8,8,8,8,8,8,8
1993,2006,Prestressed Concrete,9,9,9,9,9,9,8,8,8,8,8,8,8,8,8
2031,2002,Prestressed Concrete,8,8,8,8,8,8,8,8,8,8,8,8,8,8,8
2032,2002,Prestressed Concrete,8,8,8,8,8,8,8,8,8,8,8,8,8,8,8
2033,2002,Prestressed Concrete,8,8,8,8,8,8,8,8,8,8,8,8,7,7,7
2034,2003,Prestressed Concrete,8,8,8,8,8,8,8,8,8,8,8,8,8,8,8
2035,2002,Prestressed Concrete,8,8,8,8,8,8,8,8,8,8,8,8,8,8,8
2036,2002,Prestressed Concrete,8,8,8,8,8,8,8,8,8,8,8,8,8,8,8
2037,2002,Prestressed Concrete,8,8,8,8,8,8,8,8,8,8,8,8,8,8,8
2057,1980,Steel,7,7,7,7,7,7,7,7,7,7,7,7,7,7,7
2058,2000,Steel,7,7,7,7,7,7,7,7,7,7,7,7,7,7,7
2059,2001,Prestressed Concrete,9,9,9,9,9,9,8,8,8,8,8,8,8,8,8
2063,2000,Prestressed Concrete,7,7,7,6,6,6,6,6,6,6,6,6,6,7,7
2078,2000,Steel,7,7,7,7,7,7,7,7,7,7,7,7,7,8,8
2079,2000,Steel,8,8,8,7,7,7,7,7,7,7,7,7,7,7,7
2081,2006,Prestressed Concrete,9,9,9,9,9,9,9,8,8,8,8,8,8,7,7
2082,2006,Prestressed Concrete,9,9,9,9,9,9,9,9,9,9,9,8,8,7,7
2084,2006,Prestressed Concrete,9,9,9,9,9,9,9,9,8,8,8,8,8,8,8
2094,1981,Prestressed Concrete,8,8,8,8,8,7,7,7,7,7,7,7,7,7,7
2097,1983,Steel,7,7,7,7,7,7,7,7,7,7,7,7,7,7,7
2098,2005,Prestressed Concrete,9,9,9,9,9,9,9,9,8,8,8,8,8,8,8
2099,2005,Prestressed Concrete,9,9,9,9,9,9,8,8,8,8,8,8,8,8,7
2102,2006,Prestressed Concrete,9,9,9,9,9,9,9,9,9,7,7,7,7,7,7
2115,2004,Prestressed Concrete,9,9,8,8,8,8,8,8,8,8,8,8,8,8,8
2116,2004,Prestressed Concrete,9,9,8,8,8,8,8,8,8,8,8,8,8,8,8
2117,2004,Prestressed Concrete,9,9,8,8,8,8,8,8,8,8,8,8,8,8,8
2118,2004,Prestressed Concrete,9,9,8,8,8,8,8,8,8,8,8,8,8,8,8
2119,2004,Prestressed Concrete,9,9,9,9,9,9,9,8,8,8,8,8,8,8,8
2120,2004,Prestressed Concrete,9,9,9,9,9,9,9,8,8,8,8,8,8,8,8
2121,2004,Prestressed Concrete,9,9,9,9,9,9,9,8,8,8,8,8,8,8,8
2125,2012,Steel,5,5,5,5,5,5,9,9,9,9,7,7,8,8,8
2126,1958,Steel,6,6,6,6,6,6,6,6,6,6,6,6,6,6,6
2128,1945,Steel,5,5,5,5,5,5,5,5,5,5,5,5,5,5,5
2132,2003,Steel,8,8,8,8,8,8,8,8,7,7,7,7,7,7,7
2133,2006,Prestressed Concrete,9,9,8,8,8,8,8,8,8,8,8,8,8,8,8
2135,1992,Prestressed Concrete,8,8,8,8,8,8,8,7,7,5,5,5,5,5,5
2137,2019,Prestressed Concrete,8,8,8,8,8,8,8,8,8,8,8,8,8,9,9
2138,2004,Steel,9,9,9,9,9,9,9,9,9,9,9,9,9,9,9
2139,2003,Steel,7,7,7,7,7,7,7,7,7,7,7,7,9,9,8
2140,2005,Prestressed Concrete,9,9,9,9,9,9,9,9,7,7,7,7,7,7,7
2150,2005,Prestressed Concrete,9,9,9,9,9,9,9,8,8,8,8,7,7,7,7
2161,2015,Prestressed Concrete,4,4,1,1,1,7,7,7,7,7,7,7,8,8,7
2206,2010,Steel,4,4,2,2,2,2,9,9,9,9,9,9,9,9,9
2207,2010,Steel,4,4,3,3,9,9,9,9,9,9,7,7,8,8,8
2213,2006,Steel,9,9,9,9,9,9,7,7,7,7,7,7,7,7,7
2216,2006,Steel,9,9,9,9,9,9,8,8,8,8,7,7,7,7,7
2220,2006,Steel,9,9,9,9,9,9,8,8,8,8,7,7,7,7,7
00000000000P651,1993,Steel,6,5,5,5,5,5,5,5,5,5,5,5,5,5,5
000074520-00030,1999,Steel,8,8,8,8,8,8,8,8,8,8,8,8,8,8,8
000074520-00032,1991,Wood or Timber,7,7,7,7,7,7,7,7,7,7,7,7,7,7,7
1.0021E+14,1987,Steel,7,7,7,7,7,7,7,7,7,7,7,7,7,7,7
1.0021E+14,1987,Steel,7,7,7,7,7,7,7,7,7,7,7,7,7,7,7
1.0021E+14,1987,Steel,7,7,7,7,7,7,7,7,7,7,7,7,7,7,7
1.0021E+14,1973,Steel,7,7,7,7,7,7,7,7,7,7,7,7,7,7,7
1.0021E+14,1983,Steel,7,7,7,7,7,7,7,7,7,7,7,7,7,7,7
1.0021E+14,1983,Steel,7,7,7,7,7,7,7,7,7,7,7,7,7,7,7
1.0021E+14,1984,Steel,7,7,7,7,7,7,7,7,7,7,7,7,7,7,7
1.0021E+14,1978,Steel,7,7,7,7,7,7,7,7,7,7,7,7,7,7,7
1.0032E+14,1994,Wood or Timber,8,8,8,7,7,7,7,7,7,7,7,7,7,7,7
1.0032E+14,1994,Wood or Timber,7,7,7,7,7,7,7,7,7,7,7,7,7,7,7
1.0051E+14,1985,Prestressed Concrete,7,7,7,7,7,7,7,7,7,7,7,7,7,7,7
1.0051E+14,1985,Wood or Timber,7,7,7,7,7,7,7,7,7,7,7,7,7,7,7
1.0054E+14,1989,Prestressed Concrete,7,7,7,6,6,6,7,7,7,7,7,7,7,7,7
1.0054E+14,1987,Prestressed Concrete,7,7,7,7,7,7,7,7,6,6,7,7,7,7,7
1.0054E+14,1987,Prestressed Concrete,7,7,7,6,6,7,7,7,7,7,7,7,7,7,7
1.0054E+14,1984,Wood or Timber,7,7,7,7,7,7,7,7,7,7,7,7,7,7,7
1.0054E+14,1989,Wood or Timber,7,7,7,7,7,7,7,7,7,7,7,7,7,7,7
1.0054E+14,1987,Wood or Timber,7,7,7,7,7,7,7,7,7,7,7,7,7,7,7
1.0054E+14,1990,Steel,7,7,7,7,7,7,7,7,7,7,7,7,7,7,7
1.0054E+14,1986,Prestressed Concrete,7,7,7,7,7,7,7,7,7,7,7,7,7,7,7
1.0054E+14,1985,Prestressed Concrete,7,7,7,7,7,7,7,7,7,7,7,7,7,7,7
1.0054E+14,1985,Prestressed Concrete,7,7,7,7,7,7,7,7,7,7,7,7,7,7,7
1.0054E+14,1991,Wood or Timber,7,7,7,7,7,7,7,7,7,7,7,7,7,7,7
1.0054E+14,1993,Wood or Timber,7,7,7,7,7,7,7,7,7,7,7,7,7,7,7
1.0054E+14,1991,Steel,7,7,7,7,7,7,7,7,7,7,7,7,7,7,7
1.0054E+14,1991,Wood or Timber,7,7,7,7,7,7,7,7,7,7,7,7,7,7,7
1.0054E+14,1987,Steel,7,7,7,7,7,7,7,7,7,7,7,7,7,7,7
1.0054E+14,1986,Prestressed Concrete,7,7,7,7,7,7,7,7,7,7,7,7,7,7,7
1.0054E+14,1986,Prestressed Concrete,7,7,7,7,7,7,7,7,6,6,7,7,7,7,7
1.0054E+14,1987,Wood or Timber,7,7,7,7,7,7,7,7,7,7,7,7,7,7,7
1.0054E+14,1984,Wood or Timber,7,7,7,7,7,7,7,7,7,7,7,7,7,7,7
1.0054E+14,1996,Wood or Timber,7,7,7,7,7,7,7,7,7,7,7,7,7,7,7
1.0054E+14,1998,Steel,7,7,7,7,7,7,7,7,7,7,7,7,7,7,7
9830005P0000000,1983,Prestressed Concrete,7,7,7,7,7,7,7,7,7,7,7,7,7,6,6
9830007P0000000,1956,Steel,6,6,6,6,6,6,6,6,6,6,6,6,6,6,6
9830008P0000000,1955,Steel,6,5,5,5,5,5,5,5,5,5,5,6,6,6,6
9830009P0000000,1966,Steel,7,6,6,6,6,6,6,6,6,6,6,6,6,6,6
9830010P0000000,1956,Steel,7,6,6,6,6,6,6,6,6,6,6,6,6,6,6
9830011P0000000,1960,Steel,6,6,6,6,6,6,6,6,6,6,6,6,6,6,6
9830012P0000000,1955,Steel Continuous,7,6,6,7,7,7,7,7,7,7,7,7,7,7,7
9830013P0000000,1987,Concrete continuous,7,7,7,7,7,7,7,7,7,7,7,7,7,7,7
9830014P0000000,1987,Concrete continuous,6,6,6,6,6,6,6,6,6,6,6,6,6,6,6
9830015P0000000,1957,Steel,6,6,6,6,6,6,6,6,6,6,6,5,5,5,5
9830016P0000000,1986,Steel Continuous,7,7,7,7,7,7,7,7,7,7,7,7,7,7,7
9845001P0000000,1985,Concrete continuous,7,6,6,6,6,6,6,6,6,6,6,6,6,6,6
DAPPACWAI0XBRIA,1988,Steel,7,7,7,7,7,6,6,6,6,6,6,6,6,7,7
