"           0176","1998","0","Steel","8","8","7","7","7","6","6","6","6","6","6","6","6","6","6"
"           0177","2015","0","Steel","5","5","6","6","6","6","6","6","6","9","9","9","9","9","9"
"           0178","1973","0","Steel","5","5","6","6","6","6","6","6","6","6","6","6","6","6","6"
"           0179","2011","0","Steel","5","5","7","7","7","9","9","9","9","9","9","9","9","7","7"
"           0180","2004","0","Steel","9","9","8","8","8","8","8","8","7","7","7","7","7","7","7"
"           0181","2011","0","Steel","5","5","6","6","6","9","9","9","9","9","9","9","9","9","9"
"           0182","2015","0","Steel","6","6","6","6","6","6","6","6","6","9","9","9","9","9","9"
"           0183","1995","0","Steel","8","8","7","7","7","7","7","7","7","7","6","6","6","6","6"
"           0184","1995","0","Steel","7","7","7","7","7","7","7","7","7","7","7","7","7","7","7"
"           0185","1995","0","Steel","6","6","6","6","6","6","6","6","6","6","6","6","6","6","6"
"           0190","2003","0","Steel","8","8","7","7","7","7","7","7","7","7","7","7","7","7","7"
"           0191","2004","0","Steel","9","9","8","8","8","8","8","8","8","7","7","7","7","7","7"
"           0192","2006","0","Steel","9","9","7","7","7","7","7","7","7","7","7","7","7","7","7"
"           0193","2006","0","Steel","9","9","7","8","8","8","8","8","8","7","7","7","7","7","7"
"           0201","1967","0","Steel","5","5","5","5","5","5","5","5","5","5","9","9","8","8","8"
"           0202","1967","0","Steel","5","5","5","5","5","5","5","5","5","5","9","9","8","8","8"
"           0205","1971","0","Steel Continuous","8","8","8","8","8","8","8","7","7","7","7","7","7","7","7"
"           0208","1974","0","Prestressed Concrete","7","7","7","7","7","7","7","7","7","7","7","7","7","7","7"
"           0209","1960","0","Steel","4","4","4","4","4","4","4","4","4","4","4","4","4","4","4"
"           0210","2004","0","Prestressed Concrete","9","9","8","8","8","8","8","8","8","8","8","8","8","8","8"
"           0211","1962","0","Prestressed Concrete","5","5","6","6","6","6","6","6","6","6","6","6","6","6","6"
"           0212","1962","0","Prestressed Concrete","5","5","5","5","5","5","5","5","7","7","7","7","7","7","7"
"           0213","1962","0","Prestressed Concrete","5","5","5","5","5","5","5","5","7","7","7","7","7","7","7"
"           0214","1966","0","Steel Continuous","6","6","6","6","6","6","6","6","6","6","6","7","7","7","7"
"           0216","1963","0","Steel","5","5","5","5","5","5","5","5","5","5","5","5","7","7","7"
"           0217","1985","0","Prestressed Concrete","7","7","7","7","7","7","7","7","7","7","7","7","7","7","7"
"           0229","2014","0","Prestressed Concrete","3","3","3","3","3","3","3","3","9","9","9","9","9","9","8"
"           0230","1968","0","Prestressed Concrete","5","5","5","5","5","5","5","5","5","5","5","5","6","6","6"
"           0231","1977","0","Steel Continuous","8","8","7","7","7","7","7","7","7","7","7","7","7","7","7"
"           0232","1967","0","Steel","6","6","6","6","6","6","6","6","6","6","6","6","6","6","6"
"           0240","2004","0","Prestressed Concrete","8","8","8","8","8","8","8","8","8","8","8","8","8","8","7"
"           0245","1971","0","Steel Continuous","6","6","6","6","6","6","6","6","6","6","6","6","6","6","6"
"           0253","1952","0","Steel","5","5","5","5","5","4","4","4","4","4","4","4","4","4","4"
"           0254","1965","0","Steel Continuous","4","4","7","7","7","7","7","7","7","7","7","7","7","7","7"
"           0256","1970","0","Steel","8","8","7","7","7","7","7","7","7","7","7","7","7","7","7"
"           0257","1970","0","Steel","7","7","7","7","7","7","7","7","7","7","7","7","7","7","7"
"           0258","1971","0","Steel","6","6","6","6","6","6","6","6","6","6","6","6","6","6","6"
"           0260","1967","0","Steel","5","5","5","5","5","5","5","5","6","6","6","6","6","6","6"
"           0261","2016","0","Prestressed Concrete","5","5","5","5","5","5","5","5","5","5","9","9","8","8","8"
"           0263","1963","0","Steel","6","6","6","6","6","6","4","4","6","6","6","6","6","6","6"
"           0264","1985","0","Prestressed Concrete","7","7","7","7","7","7","7","7","7","7","7","7","7","7","7"
"           0265","1996","0","Prestressed Concrete","8","8","8","8","8","8","7","7","7","7","7","7","7","7","8"
"           0268","1982","0","Wood or Timber","5","5","5","5","6","6","8","8","8","8","8","8","8","8","8"
"           0269","1982","0","Wood or Timber","6","6","6","6","6","6","8","8","8","8","8","8","8","8","8"
"           0270","1965","0","Steel","6","6","6","6","6","6","6","6","6","6","6","6","6","6","6"
"           0271","1975","0","Steel Continuous","7","7","7","7","7","7","7","7","7","7","7","7","7","7","7"
"           0272","1961","0","Steel","7","7","5","5","5","5","6","6","6","6","7","7","6","6","6"
"           0273","1998","0","Prestressed Concrete","9","9","9","9","9","9","8","8","8","8","8","8","8","8","8"
"           0274","2004","0","Prestressed Concrete","9","9","9","9","9","9","8","8","8","8","7","7","7","7","7"
"           0275","1961","0","Steel","7","7","7","7","7","7","7","7","7","7","6","6","7","7","7"
"           0276","1977","0","Prestressed Concrete","7","7","7","7","7","7","7","8","8","7","7","7","7","7","7"
"           0277","1977","0","Wood or Timber","7","7","7","7","7","7","7","7","7","7","7","7","7","8","8"
"           0278","1975","0","Prestressed Concrete","7","7","7","7","7","7","7","7","7","7","7","7","7","7","7"
"           0279","1963","0","Steel","8","8","8","8","8","8","8","8","8","8","8","7","7","7","7"
"           0281","1977","0","Wood or Timber","6","6","6","6","6","6","6","6","6","6","6","6","5","5","5"
"           0283","2013","0","Prestressed Concrete","5","5","6","6","6","6","6","9","9","9","9","9","9","9","8"
"           0284","1974","0","Prestressed Concrete","7","7","7","7","7","7","7","7","7","7","7","7","7","7","7"
"           0285","2009","0","Steel","7","0","0","9","9","9","9","9","9","8","8","8","8","8","8"
"           0286","1974","0","Prestressed Concrete","7","7","7","7","7","7","7","7","7","7","7","7","7","7","7"
"           0287","1974","0","Prestressed Concrete","6","6","7","7","7","7","7","7","6","6","6","6","6","6","6"
"           0288","1976","0","Prestressed Concrete","5","5","5","5","5","5","5","5","5","5","5","5","5","6","6"
"           0290","1974","0","Prestressed Concrete","5","5","7","7","7","7","7","7","7","7","7","7","7","7","7"
"           0291","1974","0","Prestressed Concrete","6","6","9","9","8","8","8","8","7","7","7","7","7","7","7"
"           0292","1974","0","Prestressed Concrete","7","7","7","7","7","7","7","7","7","7","7","7","7","7","7"
"           0293","1965","0","Steel","6","6","6","6","6","6","6","6","6","6","6","6","7","7","7"
"           0295","1953","0","Steel","5","5","6","6","6","6","6","6","6","6","6","6","6","6","6"
"           0296","1988","0","Prestressed Concrete","7","7","7","7","7","7","7","7","7","7","7","7","7","7","7"
"           0297","1974","0","Steel Continuous","5","5","5","5","5","5","5","8","8","7","7","7","7","7","7"
"           0298","1988","0","Prestressed Concrete","7","7","7","7","7","7","7","7","7","7","7","7","7","7","7"
"           0299","1977","0","Prestressed Concrete","5","5","5","6","6","6","6","6","6","7","7","7","7","7","7"
"           0300","1967","0","Steel","8","8","8","8","8","8","8","8","8","8","7","7","7","7","7"
"           0301","1990","0","Prestressed Concrete","8","8","8","8","8","8","8","8","8","8","8","8","8","8","8"
"           0302","1965","0","Steel","6","6","6","6","6","6","6","6","6","6","6","6","6","6","6"
"           0303","2013","0","Prestressed Concrete","6","6","6","6","6","6","6","9","9","9","9","9","9","9","8"
"           0308","1974","0","Steel","6","6","6","6","6","6","6","6","5","5","6","6","6","6","6"
"           0310","1982","0","Prestressed Concrete","8","8","7","7","7","7","7","7","7","7","7","7","7","7","7"
"           0311","1965","0","Steel Continuous","6","6","6","6","6","6","6","6","6","6","6","6","6","6","6"
"           0312","2019","0","Prestressed Concrete","6","6","6","6","6","6","6","6","6","6","6","6","6","9","9"
"           0313","1965","0","Steel","6","6","6","6","6","6","6","6","6","6","6","6","7","7","6"
"           0314","1934","0","Concrete","5","6","6","6","6","6","6","7","7","7","7","7","7","7","7"
"           0317","2007","0","Prestressed Concrete","6","9","9","9","9","9","9","9","8","8","8","8","7","7","7"
"           0319","1982","0","Prestressed Concrete","8","8","8","8","8","8","8","8","6","6","6","6","7","7","7"
"           0320","1967","0","Steel Continuous","6","6","6","6","6","6","6","6","6","6","6","6","6","6","6"
"           0321","1988","0","Prestressed Concrete","7","7","7","7","7","7","7","7","7","7","7","7","7","7","7"
"           0322","1988","0","Prestressed Concrete","7","7","7","7","7","7","7","8","8","7","7","7","7","7","7"
"           0325","1971","0","Steel","7","7","7","7","7","7","7","7","7","7","6","6","6","6","7"
"           0327","2014","0","Prestressed Concrete","6","5","5","5","5","5","5","5","8","8","8","8","8","6","6"
"           0328","2014","0","Prestressed Concrete","6","5","5","5","5","5","5","5","8","8","8","8","8","6","6"
"           0331","1973","0","Steel Continuous","5","5","6","6","6","6","6","6","6","6","6","6","6","6","6"
"           0332","1973","0","Steel Continuous","5","5","6","6","6","6","6","6","6","6","6","6","6","6","6"
"           0333","1977","0","Prestressed Concrete","7","7","7","7","7","7","7","7","7","7","7","7","7","7","7"
"           0334","1977","0","Prestressed Concrete","7","7","7","7","7","7","7","7","7","7","7","7","7","7","6"
"           0336","1977","0","Prestressed Concrete","8","8","8","8","7","7","7","7","7","7","7","7","7","7","7"
"           0339","1977","0","Prestressed Concrete","6","6","6","6","6","6","6","6","6","6","6","6","6","6","6"
"           0340","1977","0","Prestressed Concrete","7","7","7","7","7","7","7","7","7","7","7","7","7","7","7"
"           0344","1977","0","Prestressed Concrete","8","8","8","8","7","7","7","7","7","7","7","7","7","7","7"
"           0345","1977","0","Prestressed Concrete","8","8","8","8","7","7","7","7","7","7","7","7","7","7","7"
"           0347","1977","0","Steel","5","5","5","5","5","5","5","5","6","6","6","6","6","6","6"
"           0348","1966","0","Steel","7","7","7","7","7","7","7","7","7","7","7","7","7","7","7"
"           0349","1966","0","Steel","7","7","7","7","7","7","7","7","7","7","7","7","6","6","6"
"           0350","1966","0","Steel","7","7","7","7","7","7","7","7","7","7","6","6","6","6","6"
"           0351","1966","0","Steel","7","7","7","7","7","7","7","7","7","7","7","7","6","6","6"
"           0352","1966","0","Steel","7","7","7","7","7","7","7","7","7","7","7","7","7","7","7"
"           0353","1950","0","Steel Continuous","7","7","7","7","7","7","7","8","8","8","8","7","7","7","7"
"           0357","1965","0","Steel","6","6","6","6","6","6","6","6","6","6","6","6","6","6","6"
"           0358","1965","0","Steel","7","7","7","7","7","7","7","7","7","7","7","7","7","7","7"
"           0359","1965","0","Steel","7","7","7","7","7","7","7","7","7","7","7","7","7","7","7"
"           0360","1973","0","Prestressed Concrete","8","8","8","8","8","8","8","8","8","8","8","8","8","8","8"
"           0367","1968","0","Steel","7","7","7","7","7","7","7","7","7","7","7","7","6","6","6"
"           0380","1988","0","Prestressed Concrete","7","7","7","7","7","7","7","8","8","7","7","7","7","8","8"
"           0381","1954","0","Prestressed Concrete","7","7","7","7","7","7","7","7","6","6","6","6","6","6","6"
"           0383","2014","0","Prestressed Concrete","5","4","4","3","3","3","3","8","9","9","9","9","9","9","9"
"           0384","1970","0","Wood or Timber","5","7","7","6","6","6","6","6","6","6","6","6","6","6","6"
"           0385","1974","0","Prestressed Concrete","7","7","7","7","7","7","7","7","7","7","7","7","7","7","7"
"           0386","1974","0","Prestressed Concrete","7","7","7","7","7","7","7","7","7","7","7","7","7","7","7"
"           0387","1979","0","Steel","5","5","5","5","5","5","5","5","6","6","6","6","6","6","6"
"           0388","2007","0","Prestressed Concrete","5","9","9","9","9","9","9","8","8","8","8","8","8","8","8"
"           0389","1920","0","Wood or Timber","6","6","6","4","4","4","4","5","5","4","4","5","5","6","6"
"           0390","1960","0","Steel","6","6","6","6","6","6","5","5","5","5","5","5","5","5","5"
"           0391","1988","0","Prestressed Concrete","8","8","8","8","8","8","8","7","7","7","7","7","7","6","6"
"           0392","1967","0","Steel Continuous","8","8","8","8","8","8","8","8","8","8","7","7","7","7","7"
"           0395","1987","0","Prestressed Concrete","5","5","6","6","6","6","6","6","6","6","6","6","6","6","6"
"           0396","1972","0","Prestressed Concrete","6","6","6","6","6","6","6","6","6","6","6","6","6","6","6"
"           0398","1961","0","Steel","5","5","6","6","6","6","6","6","7","7","7","7","7","7","7"
"           0399","1960","0","Steel","7","7","7","7","5","5","4","4","4","4","4","4","4","4","9"
"           0401","1974","0","Wood or Timber","6","6","6","6","6","6","6","6","6","6","6","6","6","6","6"
"           0402","1960","0","Steel","6","6","6","6","5","5","4","4","4","4","4","4","4","4","9"
"           0403","1965","0","Concrete","6","6","6","6","6","6","6","5","5","5","5","5","5","5","5"
"           0404","1965","0","Concrete","6","6","6","6","6","6","6","6","6","5","5","5","5","5","5"
"           0405","1966","0","Concrete","6","6","6","6","6","6","6","6","6","6","6","6","6","6","6"
"           0406","1966","0","Steel","5","5","6","6","6","6","6","6","6","6","6","6","6","6","6"
"           0407","1966","0","Steel","6","6","7","7","7","7","7","7","7","7","7","7","6","6","6"
"           0408","1966","0","Steel","7","7","7","7","7","7","7","7","7","7","7","7","6","6","6"
"           0409","1966","0","Steel","7","7","7","7","7","7","7","7","7","7","7","7","6","6","6"
"           0410","1966","0","Steel","7","7","7","7","7","7","7","7","7","7","6","6","6","6","6"
"           0411","1966","0","Steel","7","7","7","7","7","7","7","7","7","7","7","7","7","7","6"
"           0414","2019","0","Prestressed Concrete","7","7","7","7","7","7","7","6","5","5","5","4","4","4","9"
"           0415","2019","0","Prestressed Concrete","7","7","7","7","7","7","7","6","6","6","6","5","5","5","9"
"           0418","1981","0","Prestressed Concrete","6","6","6","6","6","6","6","6","6","6","6","6","6","5","5"
"           0419","1967","0","Steel","8","8","7","7","7","7","7","7","7","7","7","7","7","7","7"
"           0421","1967","0","Steel","8","8","8","8","8","8","8","8","8","8","8","8","8","8","8"
"           0422","1967","0","Steel","7","7","7","7","7","7","7","7","6","6","6","6","6","6","6"
"           0423","1967","0","Steel","8","8","8","8","8","8","8","8","8","8","8","8","8","8","8"
"           0424","1944","0","Steel","5","5","5","5","5","5","5","5","6","6","6","6","6","6","6"
"           0425","1982","0","Prestressed Concrete","8","8","8","8","8","8","7","7","7","7","7","7","7","7","7"
"           0426","1982","0","Prestressed Concrete","8","8","8","8","8","8","7","7","7","7","7","7","7","7","7"
"           0427","2014","0","Prestressed Concrete","5","5","5","6","6","5","4","4","9","9","9","9","9","9","9"
"           0429","1979","0","Steel","5","5","5","5","5","5","5","5","5","5","5","6","6","6","6"
"           0430","1983","0","Wood or Timber","8","8","7","7","7","7","7","7","8","8","8","8","8","8","8"
"           0431","1957","0","Steel","5","5","5","5","5","5","5","5","7","7","7","7","6","6","6"
"           0433","1968","0","Steel","5","7","7","7","7","7","6","6","6","6","6","6","6","6","6"
"           0440","1969","0","Steel Continuous","5","5","5","5","5","5","5","5","5","5","5","5","5","5","5"
"           0441","1977","0","Prestressed Concrete","6","6","6","6","6","6","6","7","7","7","7","7","7","8","8"
"           0442","1977","0","Prestressed Concrete","7","7","7","7","7","7","7","7","7","7","7","7","7","7","7"
"           0444","1976","0","Steel Continuous","6","6","6","6","6","6","6","6","6","7","7","7","7","7","7"
"           0445","1984","0","Wood or Timber","6","6","6","6","6","6","6","6","6","6","6","6","6","6","6"
"           0446","2018","0","Prestressed Concrete","5","5","5","4","4","4","4","4","4","4","4","4","9","9","9"
"           0453","1979","0","Prestressed Concrete","6","6","6","6","6","6","6","6","6","6","6","5","5","5","5"
"           0455","1975","0","Steel Continuous","6","6","6","6","6","6","6","6","6","6","6","6","8","6","6"
"           0460","1973","0","Wood or Timber","6","6","6","6","6","6","6","6","7","7","7","7","7","7","7"
"           0461","1947","0","Steel","7","7","7","7","7","7","7","7","7","7","6","6","6","6","6"
"           0462","1947","0","Steel","7","7","6","6","4","4","6","6","6","6","6","6","6","6","6"
"           0463","1941","0","Steel","8","8","7","7","7","7","6","6","6","6","6","6","6","6","6"
"           0464","1937","0","Steel","7","7","7","7","7","7","7","7","7","7","7","7","6","6","6"
"           0466","1937","0","Steel","7","7","7","7","7","7","6","6","6","6","6","6","6","6","6"
"           0467","1937","0","Steel","7","7","7","7","7","7","9","9","9","9","9","9","8","8","8"
"           0470","1974","0","Prestressed Concrete","7","7","7","7","7","7","7","7","7","7","7","7","7","7","7"
"           0473","1972","0","Steel","8","8","8","8","1","1","6","6","6","6","6","6","6","6","6"
"           0478","1972","0","Steel","7","7","7","7","7","7","7","7","7","7","7","7","7","7","7"
"           0481","1969","0","Steel","7","7","7","7","7","7","7","7","7","6","6","6","6","7","7"
"           0482","1985","0","Steel Continuous","7","7","7","7","7","7","7","7","7","6","6","6","6","6","6"
"           0484","2002","0","Steel","7","7","7","7","7","7","7","7","7","7","7","7","7","7","6"
"           0496","1991","0","Prestressed Concrete","8","8","8","8","8","8","8","8","8","8","8","8","7","7","7"
"           0501","1995","0","Prestressed Concrete","8","8","8","8","8","8","8","8","8","8","8","8","8","8","8"
"           0503","1983","0","Prestressed Concrete","7","7","7","7","7","7","7","7","7","7","7","7","7","7","7"
"           0504","1986","0","Prestressed Concrete","6","6","6","6","6","6","6","6","7","7","7","7","7","7","7"
"           0505","2010","0","Prestressed Concrete","4","4","4","4","9","9","9","9","9","9","9","9","9","9","9"
"           0506","2019","0","Prestressed Concrete","5","5","5","5","6","6","6","6","6","6","6","6","6","8","8"
"           0507","1985","0","Prestressed Concrete","8","8","7","7","7","7","7","7","7","7","7","7","7","7","7"
"           0508","1985","0","Prestressed Concrete","6","6","6","6","6","6","6","6","6","6","7","7","7","7","7"
"           0509","1944","0","Steel","6","6","6","6","6","6","6","6","7","7","7","7","6","6","6"
"           0510","1985","0","Prestressed Concrete","8","8","8","8","8","8","8","8","8","8","8","8","8","8","8"
"           0511","1985","0","Prestressed Concrete","8","8","8","8","8","8","8","8","8","8","8","8","8","8","8"
"           0513","1985","0","Prestressed Concrete","8","8","8","8","8","8","8","8","8","8","8","8","7","7","7"
"           0514","1985","0","Prestressed Concrete","8","8","8","8","8","8","8","8","8","8","7","7","7","7","7"
"           0515","1990","0","Prestressed Concrete","8","8","8","8","8","8","8","8","8","8","8","8","8","8","8"
"           0516","1982","0","Prestressed Concrete","7","7","7","7","7","7","7","7","7","7","7","7","7","7","7"
"           0519","1999","0","Prestressed Concrete","8","8","8","8","8","8","8","8","8","8","8","8","8","8","8"
"           0520","1944","0","Steel","5","5","5","5","5","5","5","5","5","5","5","5","5","5","5"
"           0521","1995","0","Prestressed Concrete","8","8","8","8","8","8","8","8","8","8","8","8","8","8","8"
"           0524","1966","0","Steel","6","6","6","6","6","6","6","6","6","6","6","6","6","6","6"
"           0525","2011","0","Prestressed Concrete","6","6","6","6","6","9","9","9","9","9","9","9","8","8","8"
"           0526","2016","0","Prestressed Concrete","5","5","5","5","5","5","5","5","6","7","9","9","9","9","9"
"           0527","1967","0","Steel Continuous","7","7","7","7","7","7","7","7","8","8","8","8","7","7","7"
"           0528","1967","0","Steel","8","8","8","8","8","8","8","8","8","8","8","8","6","6","6"
"           0529","1967","0","Steel","5","5","5","5","5","5","5","5","5","5","5","5","5","5","7"
"           0530","1967","0","Steel","6","6","5","5","5","5","5","5","5","5","5","5","5","5","7"
"           0531","1971","0","Steel","6","6","6","6","6","6","6","6","6","6","6","6","6","6","6"
"           0532","1953","0","Steel Continuous","4","4","4","4","4","4","4","4","4","4","4","4","4","4","4"
"           0534","1988","0","Prestressed Concrete","8","8","8","8","8","8","8","8","8","7","7","7","7","7","7"
"           0535","1981","0","Prestressed Concrete","6","6","6","6","6","6","6","6","6","6","6","6","6","6","6"
"           0536","2011","0","Prestressed Concrete","5","5","5","5","5","9","9","9","9","9","9","9","9","9","9"
"           0537","2016","0","Prestressed Concrete","3","3","3","3","3","3","3","3","3","3","9","9","9","9","8"
"           0538","1977","0","Prestressed Concrete","7","7","7","7","7","7","7","7","7","7","7","7","7","7","7"
"           0539","1975","0","Steel Continuous","5","5","5","5","5","5","5","5","5","5","5","5","7","7","7"
"           0541","1958","0","Steel Continuous","6","6","6","6","6","6","6","6","6","7","7","7","7","6","6"
"           0542","1999","0","Prestressed Concrete","8","8","8","8","8","8","8","8","8","8","8","8","8","6","6"
"           0543","2001","0","Prestressed Concrete","8","8","8","8","8","8","8","8","8","7","7","7","7","6","6"
"           0544","1961","0","Steel","5","5","5","5","5","5","5","4","4","4","4","4","4","4","4"
"           0545","2016","0","Prestressed Concrete","6","5","5","4","4","4","4","4","4","4","9","9","9","7","7"
"           0546","1957","0","Steel","6","6","6","6","6","6","6","6","6","6","6","6","6","5","5"
"           0547","2008","0","Prestressed Concrete","4","4","9","9","9","9","9","8","8","7","7","7","7","7","7"
"           0549","1952","0","Steel","6","6","6","6","6","6","6","7","7","7","7","7","7","6","6"
"           0551","1977","0","Prestressed Concrete","6","5","5","5","5","5","5","7","7","7","7","7","7","6","6"
"           0552","2013","0","Prestressed Concrete","5","5","5","5","5","5","5","9","9","8","8","8","8","7","7"
"           0557","1974","0","Steel Continuous","7","7","7","7","7","7","7","7","7","7","7","6","6","7","7"
"           0558","1985","0","Prestressed Concrete","8","8","8","8","8","8","8","8","8","7","7","6","6","7","7"
"           0564","1984","0","Prestressed Concrete","8","8","8","7","7","7","7","7","7","7","7","7","7","7","7"
"           0565","1981","0","Steel","8","7","7","7","7","7","7","7","7","7","7","7","7","7","7"
"           0570","1973","0","Steel","8","8","8","8","8","8","8","8","8","8","8","8","8","8","8"
"           0573","1973","0","Steel Continuous","7","7","7","7","7","7","7","7","7","7","7","6","6","6","6"
"           0574","1974","0","Steel Continuous","5","5","5","4","4","4","4","4","4","4","4","4","4","4","4"
"           0575","1987","0","Prestressed Concrete","8","7","7","7","7","7","7","7","7","7","7","7","7","7","7"
"           0578","1954","0","Steel","6","6","6","6","6","6","6","6","6","6","6","6","6","6","6"
"           0579","2014","0","Prestressed Concrete","5","5","5","4","4","4","4","4","9","9","9","9","9","9","9"
"           0580","1954","0","Steel","5","5","5","6","6","6","6","6","6","6","6","6","6","6","6"
"           0581","1958","0","Steel Continuous","5","5","5","4","4","4","4","4","4","4","4","4","4","4","4"
"           0582","1958","0","Steel","5","5","5","5","5","5","5","5","5","5","5","6","6","5","5"
"           0583","1958","0","Steel Continuous","5","5","5","4","4","4","4","4","4","4","4","4","4","4","4"
"           0584","1954","0","Steel","5","5","5","5","5","5","5","5","5","6","6","6","6","6","6"
"           0585","1954","0","Steel","8","8","8","8","8","8","8","7","7","7","7","7","7","7","7"
"           0586","1954","0","Steel","5","6","6","6","6","6","6","6","6","6","6","6","6","6","6"
"           0587","1954","0","Steel","5","5","5","5","5","5","5","6","6","6","6","6","6","6","6"
"           0588","1954","0","Steel","8","8","8","8","8","8","8","7","7","7","7","6","6","6","6"
"           0589","1990","0","Prestressed Concrete","8","8","8","8","8","8","8","8","8","8","8","8","8","8","8"
"           0590","1954","0","Steel","8","8","8","7","7","7","7","7","7","7","7","7","7","7","7"
"           0591","2012","0","Prestressed Concrete","5","5","5","5","5","5","9","9","9","9","9","9","9","9","9"
"           0592","1952","0","Steel","5","5","5","5","5","5","5","5","5","5","5","5","5","5","5"
"           0593","1952","0","Steel","5","5","5","4","4","4","4","4","4","4","4","4","4","4","4"
"           0594","2017","0","Prestressed Concrete","5","5","5","5","5","5","5","5","5","6","6","9","9","8","8"
"           0595","2015","0","Prestressed Concrete","5","5","5","5","5","5","5","5","5","9","9","8","8","8","8"
"           0596","2003","0","Prestressed Concrete","9","9","9","9","9","9","9","9","9","9","9","9","9","9","9"
"           0597","2003","0","Prestressed Concrete","9","9","9","9","9","9","9","9","9","9","9","9","9","8","8"
"           0598","2003","0","Prestressed Concrete","9","9","9","9","9","9","9","9","9","8","8","8","8","8","8"
"           0603","1965","0","Prestressed Concrete","5","4","4","4","4","4","4","4","4","4","4","4","4","4","4"
"           0605","1965","0","Prestressed Concrete","5","4","4","4","4","4","4","4","4","4","4","4","4","4","4"
"           0607","1952","0","Steel","5","5","5","5","5","5","5","5","5","5","5","5","5","5","5"
"           0608","2012","0","Prestressed Concrete","5","5","5","5","5","5","9","9","9","8","8","8","8","8","8"
"           0609","2012","0","Prestressed Concrete","5","5","5","5","5","5","9","9","9","8","8","8","8","8","8"
"           0610","2013","0","Prestressed Concrete","5","5","5","5","5","5","5","9","9","9","9","9","9","9","9"
"           0615","1995","0","Prestressed Concrete","5","7","7","7","7","7","7","7","7","7","7","7","7","8","8"
"           0616","1995","0","Prestressed Concrete","8","8","8","8","8","8","8","8","8","8","8","8","8","8","8"
"           0620","1985","0","Prestressed Concrete","8","7","7","7","7","7","7","7","7","6","6","6","6","6","6"
"           0627","1967","0","Steel","4","4","4","4","4","4","4","4","4","4","4","4","4","4","4"
"           0629","1966","0","Steel","4","4","4","4","4","4","4","4","4","4","4","4","4","4","4"
"           0630","1966","0","Steel","4","4","4","4","4","4","4","4","4","4","4","4","4","4","4"
"           0631","1967","0","Steel","4","4","4","4","4","4","4","4","4","5","5","5","5","5","5"
"           0634","1967","0","Steel","4","4","4","7","4","6","4","4","4","4","4","4","4","4","4"
"           0636","2019","0","Prestressed Concrete","4","4","4","4","4","4","4","4","4","4","4","4","4","9","9"
"           0638","2019","0","Prestressed Concrete","3","3","3","3","3","4","4","4","4","4","4","4","4","9","9"
"           0639","2019","0","Prestressed Concrete","4","4","4","4","4","6","4","4","4","4","4","4","4","7","7"
"           0640","1995","0","Prestressed Concrete","8","8","8","7","7","7","7","7","7","7","7","7","7","7","7"
"           0645","1982","0","Prestressed Concrete","7","7","7","7","7","7","7","7","7","7","7","7","7","7","7"
"           0646","2010","0","Prestressed Concrete","6","6","6","6","9","9","9","9","9","9","9","9","9","9","9"
"           0648","2005","0","Prestressed Concrete","9","9","9","9","9","9","9","9","9","9","9","9","9","9","9"
"           0649","2005","0","Prestressed Concrete","9","9","9","8","8","8","8","8","8","8","8","8","8","8","8"
"           0651","1984","0","Prestressed Concrete","7","6","6","6","6","6","6","7","7","7","7","7","7","7","7"
"           0652","1993","0","Prestressed Concrete","6","6","6","6","6","6","6","7","7","7","7","7","7","7","7"
"           0653","1982","0","Prestressed Concrete","8","8","8","8","8","8","8","7","7","7","7","7","7","8","8"
"           0654","2017","0","Prestressed Concrete","7","7","7","7","7","7","7","7","7","7","7","9","9","9","9"
"           0655","2006","0","Prestressed Concrete","9","9","9","8","8","8","8","8","8","7","7","7","7","7","7"
"           0656","2006","0","Prestressed Concrete","9","9","9","8","8","8","8","8","8","7","7","7","7","7","7"
"           0657","1980","0","Prestressed Concrete","7","7","7","7","7","7","7","8","8","8","8","8","8","8","8"
"           0658","1979","0","Steel","6","6","6","6","6","6","6","6","6","6","6","6","6","7","7"
"           0659","1954","0","Wood or Timber","5","5","5","5","5","5","5","5","5","5","5","5","5","5","5"
"           0660","1951","0","Wood or Timber","5","5","5","5","5","5","5","5","5","7","7","7","7","7","7"
"           0663","2016","0","Prestressed Concrete","8","8","8","8","8","8","8","8","8","7","9","9","9","9","9"
"           0668","1965","0","Steel","4","4","4","4","7","7","7","7","7","7","7","7","7","7","7"
"           0669","1965","0","Steel Continuous","4","4","4","4","7","7","7","7","7","7","7","7","7","7","7"
"           0670","1966","0","Steel Continuous","4","4","4","4","7","7","7","7","7","7","7","7","7","7","7"
"           0671","2007","0","Steel Continuous","4","9","9","9","9","8","8","8","8","8","8","8","8","8","8"
"           0672","1993","0","Prestressed Concrete","8","8","8","8","8","8","8","8","8","8","8","8","8","8","8"
"           0674","1955","0","Steel","5","6","6","6","6","6","6","6","6","7","7","7","7","7","7"
"           0675","1965","0","Steel","6","6","6","6","6","6","6","6","6","6","6","6","6","6","6"
"           0676","1965","0","Steel","8","8","8","8","8","8","7","7","7","7","7","7","7","7","7"
"           0678","1958","0","Steel","5","5","5","5","5","5","4","4","4","4","4","4","4","4","4"
"           0681","1951","0","Steel","6","6","6","6","6","6","6","6","6","6","6","6","6","6","6"
"           0683","1954","0","Steel","5","5","5","5","5","5","5","6","6","6","6","6","6","6","6"
"           0684","1955","0","Steel","6","6","6","6","6","6","6","6","6","6","6","6","6","6","6"
"           0685","1986","0","Prestressed Concrete","6","6","6","6","6","6","6","6","6","6","6","6","6","6","6"
"           0686","1957","0","Steel","5","5","5","5","5","5","5","5","5","6","6","6","6","6","6"
"           0687","1956","0","Steel","6","6","6","6","6","6","6","6","6","6","6","6","6","6","6"
"           0688","1985","0","Prestressed Concrete Continuous","8","8","8","8","8","8","8","8","8","8","8","8","8","8","8"
"           0689","1955","0","Steel","5","5","5","5","5","5","5","5","5","6","6","6","6","7","7"
"           0690","2016","0","Prestressed Concrete","5","5","5","5","5","5","5","5","5","5","9","9","9","9","9"
"           0693","1973","0","Steel","6","6","5","5","6","6","6","6","6","6","6","6","6","6","6"
"           0695","2015","0","Prestressed Concrete","5","5","5","5","5","5","5","5","5","9","9","9","9","9","9"
"           0697","1971","0","Steel","6","6","6","6","5","5","5","5","5","5","5","5","5","5","5"
"           0699","1993","0","Prestressed Concrete","8","8","8","8","8","8","8","8","8","8","8","8","8","8","8"
"           0700","1973","0","Prestressed Concrete","8","8","8","8","8","8","8","8","8","8","8","7","7","7","7"
"           0718","1967","0","Steel","7","7","7","7","7","7","7","7","7","7","6","6","6","6","6"
"           0722","1965","0","Steel","7","7","7","7","7","7","7","7","7","7","7","7","7","7","7"
"           0724","1944","0","Steel","7","6","6","6","6","6","6","6","6","7","7","7","7","7","7"
"           0725","1957","0","Concrete","7","7","7","5","5","4","4","4","4","4","4","4","4","4","4"
"           0726","1957","0","Steel","7","7","7","6","6","6","6","6","6","6","6","6","6","7","7"
"           0732","1972","0","Prestressed Concrete","7","7","7","7","7","7","7","7","7","6","6","6","6","7","7"
"           0734","1986","0","Prestressed Concrete","8","8","8","8","8","8","8","8","8","8","8","7","7","7","7"
"           0735","1959","0","Steel Continuous","6","6","6","6","6","6","6","7","7","7","7","6","6","6","6"
"           0736","1959","0","Steel","6","6","6","6","6","6","6","7","7","7","7","7","7","7","7"
"           0737","2015","0","Prestressed Concrete","5","5","5","5","5","5","5","7","9","9","9","8","8","8","8"
"           0740","1981","0","Prestressed Concrete Continuous","7","7","7","7","7","7","7","7","7","7","7","7","7","7","7"
"           0742","1958","0","Steel","6","6","5","5","5","5","5","5","5","5","6","6","6","6","7"
"           0743","1999","0","Prestressed Concrete","8","8","8","8","8","8","8","8","7","7","7","7","8","8","8"
"           0744","1991","0","Prestressed Concrete","9","9","9","9","9","9","7","7","7","7","7","7","7","7","7"
"           0745","1991","0","Prestressed Concrete","7","7","7","7","7","7","7","7","8","8","8","8","8","8","8"
"           0746","1989","0","Prestressed Concrete","7","7","7","7","7","7","7","7","7","7","7","7","7","7","7"
"           0747","1975","0","Prestressed Concrete","7","7","7","7","7","7","7","7","7","7","7","7","7","7","7"
"           0749","1973","0","Prestressed Concrete","7","7","7","7","7","7","7","7","7","7","7","7","7","7","7"
"           0787","1989","0","Prestressed Concrete","8","8","8","8","8","8","8","8","8","8","8","7","7","7","7"
"           0793","1982","0","Prestressed Concrete","8","8","8","8","8","8","8","8","8","8","8","8","8","7","7"
"           0797","1955","0","Prestressed Concrete","7","7","7","7","7","7","7","7","7","7","7","7","7","7","7"
"           0799","1980","0","Wood or Timber","7","7","7","7","7","7","7","7","7","7","7","7","7","7","8"
"           0800","1988","0","Steel","8","8","7","7","7","7","7","7","7","7","7","7","7","7","7"
"           0801","1987","0","Steel","8","8","6","6","6","6","6","6","6","6","6","6","6","6","6"
"           0802","1986","0","Steel","5","5","5","5","5","5","5","5","5","5","5","6","6","6","6"
"           0803","1989","0","Steel","8","8","6","6","6","6","6","6","6","6","6","6","6","6","6"
"           0804","1984","0","Steel","8","8","6","6","6","6","6","6","6","6","6","6","6","6","6"
"           0806","1988","0","Steel","8","8","7","7","7","7","7","7","7","7","7","7","7","7","7"
"           0810","1990","0","Prestressed Concrete","7","7","7","7","7","7","7","7","7","7","7","7","7","7","7"
"           0811","1994","0","Steel","8","8","8","8","8","8","8","8","8","8","8","8","8","8","8"
"           0812","1938","0","Steel","7","7","7","7","7","7","7","7","7","7","7","7","7","7","7"
"           0815","1938","0","Steel","5","5","5","5","5","5","8","8","8","8","8","8","8","8","8"
"           0816","1967","0","Steel","8","8","8","8","8","8","8","8","8","8","7","7","7","7","7"
"           0819","1975","0","Wood or Timber","6","6","6","6","6","6","6","6","6","6","8","8","8","8","8"
"           0820","1967","0","Steel","8","8","8","8","8","8","8","8","8","8","8","8","8","8","8"
"           0821","1967","0","Steel","7","7","7","7","7","7","7","7","7","7","7","7","7","7","7"
"           0822","1967","0","Steel","8","8","7","7","7","7","7","7","7","7","7","7","7","7","7"
"           0823","1967","0","Steel","7","7","7","7","7","7","7","7","7","7","7","7","7","7","7"
"           0825","1983","0","Wood or Timber","9","9","9","9","9","9","9","9","8","8","8","8","8","8","8"
"           0826","1971","0","Steel","7","7","7","7","7","7","7","7","7","7","5","5","5","5","6"
"           0827","1971","0","Steel","8","8","8","8","8","8","8","8","8","8","6","6","6","6","6"
"           0828","1971","0","Steel","8","8","8","8","8","8","8","8","8","8","7","7","7","7","7"
"           0829","1971","0","Steel","7","7","7","7","7","7","7","7","7","7","7","7","7","7","7"
"           0831","1971","0","Steel","8","8","8","8","8","8","8","8","8","8","8","8","8","8","7"
"           0832","1971","0","Steel","8","8","8","8","8","8","8","8","8","8","7","7","7","7","7"
"           0833","1978","0","Wood or Timber","7","7","8","8","8","8","8","8","8","8","7","7","7","7","7"
"           0838","2007","0","Prestressed Concrete","6","9","9","9","9","9","8","8","8","8","8","8","8","8","8"
"           0839","1977","0","Prestressed Concrete","7","7","7","7","7","7","7","7","7","7","7","7","7","7","7"
"           0840","1988","0","Prestressed Concrete","7","7","7","7","7","7","7","8","8","7","7","7","7","7","7"
"           0841","1988","0","Prestressed Concrete","7","7","7","7","7","7","7","7","7","7","7","7","7","7","7"
"           0842","1988","0","Prestressed Concrete","7","7","7","7","7","7","7","7","7","7","7","7","7","8","8"
"           0844","1936","0","Steel","5","5","5","5","5","5","5","5","5","5","5","5","5","5","5"
"           0851","1965","0","Steel","6","6","6","6","6","6","6","6","6","6","6","6","6","6","6"
"           0852","1965","0","Steel","6","6","6","6","6","6","6","6","6","6","6","6","6","6","6"
"           0853","1972","0","Prestressed Concrete","5","7","7","7","7","7","7","7","7","7","7","7","7","7","7"
"           0854","1973","0","Prestressed Concrete","5","8","8","8","8","8","8","8","8","8","8","8","8","8","8"
"           0855","1989","0","Prestressed Concrete","5","8","8","8","8","8","8","8","8","8","8","8","8","8","8"
"           0857","1971","0","Steel Continuous","6","6","5","5","5","5","5","5","6","6","6","6","6","6","6"
"           0858","1968","0","Steel Continuous","5","5","5","5","5","5","5","6","6","6","6","5","5","6","6"
"           0864","2017","0","Prestressed Concrete","5","5","5","4","4","4","4","4","4","4","4","9","9","9","9"
"           0865","2007","0","Prestressed Concrete","5","9","9","9","9","9","9","8","8","8","8","8","8","7","7"
"           0868","1967","0","Steel","6","6","6","6","6","6","6","6","6","6","6","6","6","6","6"
"           0870","1981","0","Prestressed Concrete","8","8","8","8","8","8","8","8","8","8","8","7","7","7","7"
"           0873","1968","0","Concrete","7","7","7","7","7","7","7","8","8","8","8","8","8","7","7"
"           0881","2013","0","Prestressed Concrete","6","6","6","6","5","5","5","9","9","9","9","9","9","9","9"
"           0888","1991","0","Prestressed Concrete","5","6","6","6","6","6","6","7","7","6","6","6","6","7","7"
"           0893","1941","0","Steel","5","5","5","5","5","5","5","5","5","5","5","5","5","5","5"
"           0910","1949","0","Steel","5","8","8","8","8","7","7","6","6","6","6","6","6","6","6"
"           0915","2015","0","Steel","7","7","7","7","7","7","7","7","7","8","8","8","8","8","8"
"           0940","1987","0","Prestressed Concrete","6","6","6","6","6","6","6","6","6","6","6","6","6","6","6"
"           0944","1970","0","Steel","5","5","5","5","5","5","5","5","5","5","5","5","5","5","5"
"           0959","1974","0","Prestressed Concrete","5","5","5","5","5","5","5","7","7","7","7","7","7","6","6"
"           0960","1996","0","Prestressed Concrete","8","8","8","7","7","7","7","7","7","7","7","7","7","7","7"
"           0969","1966","0","Concrete continuous","6","6","6","6","6","6","6","6","6","6","6","6","6","6","6"
"           0970","1979","0","Prestressed Concrete","7","7","7","7","7","7","7","7","7","7","7","6","6","6","6"
"           0971","2003","0","Prestressed Concrete","9","9","9","9","9","9","9","8","8","8","8","7","7","7","7"
"           0972","2012","0","Prestressed Concrete","6","6","6","6","6","6","9","9","9","9","9","8","8","7","7"
"           0978","1969","0","Steel","6","7","7","7","7","7","6","6","6","6","6","7","7","7","7"
"           0979","1987","0","Steel","5","4","4","4","4","4","4","4","4","4","4","5","5","5","5"
"           0983","1974","0","Prestressed Concrete","7","7","7","7","7","7","7","7","7","7","7","7","7","7","7"
"           0986","1995","0","Prestressed Concrete","7","7","7","7","7","7","7","7","7","7","7","7","7","7","7"
"           0987","1980","0","Prestressed Concrete","7","7","7","7","7","7","7","7","7","7","7","7","7","7","7"
"           0988","1960","0","Concrete continuous","5","5","5","5","4","4","4","4","5","5","5","5","5","5","5"
"           0989","1980","0","Prestressed Concrete","7","7","8","8","8","8","8","8","6","6","6","6","6","6","6"
"           0990","1980","0","Prestressed Concrete","7","7","7","7","7","7","7","7","7","7","7","7","7","7","7"
"           0992","1980","0","Prestressed Concrete","7","7","7","7","7","7","7","7","7","7","6","6","6","6","6"
"           0997","1956","0","Prestressed Concrete","6","7","7","7","7","7","7","7","7","7","7","7","7","7","7"
"           0999","1967","0","Steel","5","5","5","5","5","5","5","5","5","5","5","5","5","7","7"
"           1001","1967","0","Steel","6","6","6","6","6","6","6","6","6","5","5","6","6","6","6"
"           1006","1996","0","Steel","7","7","7","7","7","7","7","7","7","7","7","7","7","7","7"
"           1008","1967","0","Steel","6","6","7","7","7","7","7","7","7","7","7","7","7","7","7"
"           1009","1975","0","Wood or Timber","6","6","6","6","6","6","6","6","6","6","6","6","6","6","8"
"           1017","1979","0","Wood or Timber","7","7","7","7","7","7","7","7","7","7","7","7","7","7","7"
"           1018","1985","0","Steel","7","6","6","6","6","6","6","6","6","6","6","6","6","7","7"
"           1020","1958","0","Wood or Timber","5","6","6","6","6","6","6","6","6","5","5","5","5","5","5"
"           1021","1959","0","Wood or Timber","5","7","7","7","7","6","6","6","6","6","6","7","7","5","5"
"           1024","1990","0","Prestressed Concrete","8","6","6","6","6","6","6","6","6","7","7","7","7","7","7"
"           1025","1969","0","Steel Continuous","5","8","8","8","8","8","8","8","8","7","7","7","7","7","7"
"           1027","2008","0","Prestressed Concrete","6","6","6","7","7","7","7","7","7","8","8","8","8","8","8"
"           1030","1993","0","Prestressed Concrete","7","7","7","7","7","7","7","7","7","7","7","7","7","7","7"
"           1031","1991","0","Prestressed Concrete","8","8","8","8","8","8","8","8","8","8","8","8","7","7","7"
"           1068","1934","0","Concrete continuous","5","5","5","5","5","5","5","5","5","7","7","6","6","6","6"
"           1069","1950","0","Concrete","7","7","7","7","7","7","7","8","8","7","7","7","7","7","7"
"           1075","1971","0","Steel","6","6","6","6","6","6","6","6","6","6","6","6","6","6","6"
"           1078","1962","0","Steel Continuous","7","7","7","7","7","7","7","7","7","7","7","7","7","6","6"
"           1080","1969","0","Prestressed Concrete","8","7","7","7","7","7","7","7","7","7","7","7","7","6","6"
"           1081","1973","0","Prestressed Concrete","7","7","7","7","7","7","7","7","7","7","7","7","7","7","7"
"           1089","1998","0","Prestressed Concrete","8","8","8","8","8","8","8","8","8","8","8","8","8","7","7"
"           1092","1967","0","Steel","7","7","7","7","7","7","7","7","7","7","7","7","7","7","7"
"           1094","1966","0","Steel Continuous","7","7","7","7","7","7","7","7","6","6","7","7","8","8","7"
"           1098","1979","0","Steel","5","5","5","5","5","5","5","5","5","5","5","5","5","5","5"
"           1112","1961","0","Wood or Timber","7","7","7","7","7","7","7","7","7","7","6","6","6","6","6"
"           1127","1978","0","Prestressed Concrete","6","6","6","6","6","6","6","6","5","5","5","5","5","5","5"
"           1131","1967","0","Prestressed Concrete Continuous","7","7","7","6","6","6","6","6","6","6","6","6","6","6","6"
"           1132","1967","0","Prestressed Concrete Continuous","7","7","7","6","6","6","6","6","6","6","6","6","6","6","6"
"           1133","1967","0","Prestressed Concrete","6","6","6","5","5","5","5","6","6","6","6","5","5","5","5"
"           1136","1991","0","Steel","8","4","4","4","4","9","9","8","8","7","7","7","7","6","6"
"           1140","2017","0","Prestressed Concrete","7","7","7","7","7","7","7","7","7","7","7","9","9","9","9"
"           1141","1969","0","Steel","6","6","6","6","5","5","5","5","5","5","5","5","5","5","5"
"           1142","1969","0","Steel","6","6","6","6","6","6","6","6","6","6","6","6","6","6","6"
"           1143","1970","0","Steel","6","6","6","6","6","6","6","6","6","6","6","6","6","6","6"
"           1144","1971","0","Steel","6","6","6","6","6","6","6","6","6","6","6","6","6","6","6"
"           1145","1971","0","Steel","6","6","6","6","6","6","6","6","6","6","6","6","6","6","6"
"           1146","1971","0","Steel","7","7","7","7","7","7","7","7","7","7","7","7","7","7","7"
"           1147","1970","0","Steel Continuous","6","6","8","8","8","8","7","7","7","7","7","7","7","7","7"
"           1149","1974","0","Steel Continuous","8","8","8","8","8","8","8","8","8","8","8","8","8","8","8"
"           1152","1981","0","Prestressed Concrete","7","7","7","7","7","7","7","7","7","7","7","7","7","7","7"
"           1153","1968","0","Steel","7","7","7","7","7","7","7","7","7","7","7","7","7","7","7"
"           1155","1969","0","Steel Continuous","6","6","6","6","6","6","6","6","6","6","6","5","5","5","5"
"           1157","2013","0","Prestressed Concrete","6","6","6","6","6","6","6","9","9","9","9","9","9","9","9"
"           1160","2013","0","Prestressed Concrete","6","6","6","6","6","6","6","9","9","9","9","9","9","9","9"
"           1161","1975","0","Prestressed Concrete","6","6","6","6","7","7","7","7","7","7","7","7","7","7","7"
"           1179","2004","0","Prestressed Concrete","9","9","9","9","9","9","7","7","7","7","7","7","7","7","7"
"           1184","1996","0","Steel","7","7","7","7","7","7","7","7","7","7","7","7","7","7","7"
"           1185","2014","0","Steel","5","5","5","5","5","5","5","5","9","9","8","8","8","8","8"
"           1187","1973","0","Steel Continuous","5","5","6","6","6","6","6","6","6","6","7","7","7","7","7"
"           1188","1973","0","Prestressed Concrete","8","8","8","8","8","8","8","8","8","8","8","7","7","7","7"
"           1189","1986","0","Steel Continuous","6","6","6","6","4","4","4","4","5","5","5","5","5","5","5"
"           1190","1971","0","Steel","5","5","5","5","5","5","5","5","5","5","5","5","5","5","5"
"           1191","1977","0","Prestressed Concrete","6","6","6","6","6","6","6","6","6","6","6","6","6","6","6"
"           1192","1991","0","Prestressed Concrete","7","7","7","7","7","7","7","7","7","7","7","7","7","7","7"
"           1193","1973","0","Steel","4","4","4","4","4","4","4","4","4","4","4","4","4","4","4"
"           1194","1991","0","Steel","5","5","5","5","5","5","5","5","5","5","5","5","5","5","5"
"           1195","2016","0","Prestressed Concrete","6","6","6","6","6","6","6","6","6","5","9","9","9","9","9"
"           1196","1985","0","Prestressed Concrete","8","8","7","7","7","7","7","7","6","6","7","7","7","7","7"
"           1197","1973","0","Prestressed Concrete","8","8","8","8","8","8","8","8","8","8","8","8","8","8","8"
"           1199","1968","0","Steel","7","7","7","7","7","6","6","6","6","6","6","6","6","7","7"
"           1200","1969","0","Steel","7","7","7","7","7","7","7","7","7","7","7","7","7","7","5"
"           1201","1980","0","Wood or Timber","7","7","7","7","7","7","7","7","7","7","7","7","7","7","7"
"           1203","2005","0","Prestressed Concrete","9","9","9","9","9","9","9","8","8","8","8","7","7","7","7"
"           1204","2005","0","Prestressed Concrete","9","9","9","9","9","9","9","9","9","8","8","8","8","8","8"
"           1205","2005","0","Prestressed Concrete","9","9","9","9","9","9","9","9","9","8","8","7","7","7","7"
"           1207","2006","0","Prestressed Concrete","9","9","9","9","9","9","9","9","9","8","8","7","7","7","7"
"           1208","2006","0","Prestressed Concrete","9","9","9","9","9","9","9","8","8","8","8","7","7","7","7"
"           1209","1980","0","Wood or Timber","5","5","5","5","5","5","5","5","5","5","5","5","5","5","5"
"           1213","1982","0","Prestressed Concrete","7","7","7","7","7","7","7","7","7","7","7","7","5","5","5"
"           1214","1999","0","Prestressed Concrete","8","8","8","8","8","8","8","8","8","8","8","8","8","8","8"
"           1216","2017","0","Prestressed Concrete","7","7","7","7","7","7","7","7","5","5","5","9","9","9","8"
"           1217","1965","0","Wood or Timber","6","6","6","6","6","6","6","6","6","7","7","7","7","7","7"
"           1220","1971","0","Concrete continuous","9","9","9","9","9","9","9","9","9","9","9","9","7","7","7"
"           1221","1977","0","Prestressed Concrete","8","8","8","8","8","8","8","8","8","8","8","7","7","7","7"
"           1222","1978","0","Prestressed Concrete","7","7","7","7","7","7","7","7","7","7","7","7","7","7","7"
"           1228","1974","0","Steel Continuous","7","7","7","7","7","7","7","7","6","6","8","8","7","7","7"
"           1229","1974","0","Steel Continuous","7","7","7","7","7","7","7","7","6","6","7","7","7","7","7"
"           1230","1977","0","Prestressed Concrete","8","8","8","8","8","8","8","6","6","6","6","6","6","6","6"
"           1234","1975","0","Wood or Timber","6","6","6","6","6","6","6","6","6","6","7","7","7","7","7"
"           1235","1983","0","Steel","7","7","7","7","7","7","7","7","7","7","7","7","7","7","8"
"           1238","2013","0","Prestressed Concrete","2","2","2","2","2","2","2","9","9","8","8","8","8","8","8"
"           1241","1973","0","Steel Continuous","7","7","7","7","7","7","7","7","7","7","7","7","7","6","6"
"           1242","1971","0","Steel","7","7","7","7","7","7","7","7","7","7","7","7","7","7","7"
"           1244","1985","0","Prestressed Concrete","8","8","8","8","8","8","8","8","8","8","8","8","8","8","8"
"           1248","1985","0","Prestressed Concrete","8","8","8","8","8","8","8","8","8","8","8","7","7","6","6"
"           1250","2016","0","Prestressed Concrete","7","7","7","7","7","6","6","5","5","5","9","9","9","9","9"
"           1253","1995","0","Steel","7","7","7","7","7","7","7","7","7","7","7","7","7","7","7"
"           1266","1977","0","Steel","6","6","6","6","6","6","6","6","6","7","7","7","7","6","6"
"           1269","1999","0","Prestressed Concrete","8","8","8","8","8","8","8","8","8","8","8","8","8","7","7"
"           1273","1973","0","Prestressed Concrete","5","5","5","5","5","5","5","5","5","5","5","6","6","6","6"
"           1274","1972","0","Wood or Timber","6","6","7","7","7","7","7","7","7","7","7","7","7","7","7"
"           1276","1976","0","Wood or Timber","6","6","6","6","6","6","6","6","5","5","7","7","6","6","6"
"           1279","1993","0","Prestressed Concrete","8","8","8","8","7","7","7","7","7","7","7","7","6","6","6"
"           1291","1985","0","Wood or Timber","7","7","7","7","7","7","7","8","8","8","8","8","8","8","8"
"           1295","1995","0","Prestressed Concrete","8","8","8","8","8","8","8","8","8","6","6","6","6","7","7"
"           1298","2006","0","Steel","6","9","8","8","8","8","8","8","8","8","8","8","8","8","8"
"           1303","2002","0","Prestressed Concrete","9","9","9","9","9","9","8","8","8","8","8","8","8","8","8"
"           1304","1976","0","Steel","7","7","7","7","7","7","7","7","6","6","7","7","7","7","7"
"           1308","2000","0","Steel Continuous","6","6","6","6","6","6","6","6","5","5","5","5","5","5","5"
"           1320","1980","0","Prestressed Concrete","5","5","5","5","5","5","5","5","5","6","6","6","6","6","6"
"           1321","1981","0","Steel","7","7","7","7","7","7","7","7","7","7","7","7","7","7","7"
"           1322","2017","0","Prestressed Concrete","6","6","6","6","6","6","6","6","6","6","6","9","9","8","8"
"           1323","1974","0","Prestressed Concrete","6","7","7","7","7","7","7","7","7","7","7","7","7","7","7"
"           1324","1974","0","Prestressed Concrete","5","5","5","5","5","5","5","5","5","5","5","5","5","5","5"
"           1325","1976","0","Prestressed Concrete","5","5","5","5","5","5","5","5","5","5","5","5","5","5","5"
"           1326","1974","0","Prestressed Concrete","8","8","8","8","8","8","8","7","7","7","7","7","7","7","7"
"           1328","1974","0","Prestressed Concrete","6","6","6","6","6","6","6","7","7","7","7","7","7","7","7"
"           1329","1975","0","Prestressed Concrete","6","6","6","6","6","6","6","6","7","7","7","7","7","7","7"
"           1333","2000","0","Prestressed Concrete","7","7","7","7","7","7","7","7","7","7","7","7","7","7","7"
"           1341","1974","0","Prestressed Concrete","6","6","6","6","6","6","6","6","6","6","6","6","6","6","6"
"           1342","1978","0","Prestressed Concrete","6","6","6","6","6","6","6","6","7","7","7","7","7","7","7"
"           1343","1976","0","Prestressed Concrete","6","6","6","6","6","6","6","6","6","6","6","7","7","7","7"
"           1344","1977","0","Steel Continuous","6","6","6","6","6","6","6","6","6","6","6","6","6","6","6"
"           1349","1978","0","Wood or Timber","5","5","5","5","5","5","5","5","5","5","5","5","5","5","5"
"           1350","2012","0","Prestressed Concrete","6","6","6","6","6","6","9","9","9","9","9","9","9","9","6"
"           1355","1976","0","Prestressed Concrete","6","6","6","6","6","6","6","6","6","6","6","7","7","7","7"
"           1356","1976","0","Prestressed Concrete","6","6","6","6","6","6","6","6","6","6","6","6","6","6","6"
"           1360","1998","0","Prestressed Concrete","8","8","8","8","8","8","8","8","8","8","8","8","8","8","8"
"           1362","1998","0","Prestressed Concrete","8","8","8","8","8","8","8","7","7","7","7","7","7","8","8"
"           1363","1998","0","Prestressed Concrete","8","8","8","8","8","8","8","8","8","8","8","8","8","8","8"
"           1364","1977","0","Prestressed Concrete","5","5","5","5","5","5","6","6","7","7","7","7","6","6","6"
"           1365","2002","0","Prestressed Concrete","9","9","9","9","9","9","9","9","9","9","9","9","9","9","9"
"           1367","1981","0","Prestressed Concrete","8","8","8","8","8","8","8","8","8","8","8","8","8","6","6"
"           1368","1977","0","Prestressed Concrete","8","8","8","8","8","8","8","8","8","8","8","8","8","8","8"
"           1369","1977","0","Prestressed Concrete","8","8","8","8","8","8","8","8","8","7","7","7","7","7","7"
"           1374","1978","0","Prestressed Concrete","6","6","6","6","6","6","6","4","4","4","4","4","4","4","4"
"           1375","1985","0","Prestressed Concrete","8","8","8","8","8","8","8","8","8","8","8","7","7","7","7"
"           1378","1980","0","Prestressed Concrete","8","8","8","7","7","7","7","8","8","8","8","8","8","8","8"
"           1380","1978","0","Prestressed Concrete","8","8","8","7","7","7","7","7","7","7","7","7","7","7","7"
"           1383","1980","0","Prestressed Concrete","8","8","8","8","8","8","8","7","7","7","7","6","6","6","6"
"           1384","1980","0","Prestressed Concrete","8","8","8","8","8","8","8","7","7","7","7","7","7","7","7"
"           1386","2008","0","Prestressed Concrete","7","7","9","9","9","9","9","9","8","8","8","8","8","8","8"
"           1389","1992","0","Prestressed Concrete","8","8","8","8","8","8","8","8","8","7","7","7","7","7","7"
"           1391","1990","0","Prestressed Concrete","8","8","8","6","6","6","6","6","6","6","6","6","6","6","6"
"           1392","1990","0","Prestressed Concrete","8","8","8","6","6","6","6","6","6","6","6","6","6","6","6"
"           1394","1978","0","Wood or Timber","8","8","8","8","8","8","8","8","8","8","6","6","7","7","8"
"           1400","2002","0","Prestressed Concrete","9","9","9","9","9","9","8","8","8","8","8","8","8","8","8"
"           1407","1983","0","Prestressed Concrete","6","6","7","7","6","6","5","5","5","5","6","6","6","6","6"
"           1409","1973","0","Wood or Timber","8","8","8","8","8","8","8","8","8","8","8","8","8","8","8"
"           1414","1978","0","Steel","5","5","5","5","5","5","5","5","5","5","5","5","5","5","5"
"           1415","2002","0","Prestressed Concrete","8","7","7","7","7","7","7","7","7","7","7","7","7","7","7"
"           1417","2010","0","Steel","6","6","6","6","9","9","9","9","9","8","8","8","8","8","8"
"           1423","1967","0","Steel","7","6","6","6","6","6","6","6","6","6","6","6","6","6","4"
"           1424","2005","0","Steel","7","7","6","6","6","6","6","6","6","6","6","6","6","6","6"
"           1425","2016","0","Prestressed Concrete","7","7","7","7","7","7","6","6","6","6","9","9","9","9","8"
"           1426","2012","0","Steel","1","1","2","2","2","2","9","9","9","9","9","9","9","9","9"
"           1429","2004","0","Steel","9","9","6","6","6","6","6","6","7","7","7","7","7","7","7"
"           1432","1991","0","Prestressed Concrete","8","8","8","8","8","8","8","8","8","8","8","8","8","7","7"
"           1433","1985","0","Prestressed Concrete","8","8","8","8","8","8","8","7","7","7","7","7","7","6","6"
"           1434","1979","0","Wood or Timber","8","8","8","8","8","8","8","8","8","8","7","7","7","7","7"
"           1438","2003","0","Prestressed Concrete","6","6","6","6","6","6","8","8","8","8","8","8","8","8","8"
"           1439","2000","0","Prestressed Concrete","8","8","8","8","8","8","8","8","8","8","8","8","8","8","8"
"           1441","1983","0","Prestressed Concrete","7","7","7","7","7","7","7","7","7","7","7","7","7","7","7"
"           1442","1982","0","Prestressed Concrete","7","7","7","7","7","7","7","7","7","7","7","7","7","7","7"
"           1443","1985","0","Prestressed Concrete","8","8","8","8","8","8","8","8","8","8","8","7","7","7","7"
"           1444","1981","0","Prestressed Concrete","8","8","8","8","8","8","8","8","8","8","8","8","8","7","7"
"           1445","1981","0","Prestressed Concrete","8","8","8","8","8","8","8","8","8","8","8","8","8","8","8"
"           1448","1989","0","Prestressed Concrete","8","8","8","8","8","8","8","8","6","6","6","6","6","6","6"
"           1450","1983","0","Prestressed Concrete","8","8","8","8","8","8","7","6","6","6","6","6","6","6","6"
"           1451","1977","0","Prestressed Concrete","5","5","3","3","3","3","3","3","3","3","3","3","3","3","8"
"           1455","1988","0","Steel","8","8","8","8","8","7","7","7","7","7","7","7","7","7","7"
"           1456","1975","0","Steel Continuous","7","7","7","7","7","7","7","7","7","7","7","7","7","7","7"
"           1457","1975","0","Wood or Timber","5","5","5","5","5","5","5","5","5","5","5","5","5","7","7"
"           1458","1975","0","Steel Continuous","5","5","5","5","5","5","7","7","7","7","7","7","7","8","8"
"           1462","1975","0","Steel Continuous","5","5","5","5","5","5","7","7","7","7","7","7","7","7","7"
"           1463","1975","0","Wood or Timber","5","5","5","5","5","5","5","5","5","7","7","7","7","8","8"
"           1464","1989","0","Prestressed Concrete","6","6","6","6","6","5","5","4","4","4","4","4","4","4","4"
"           1472","1950","0","Wood or Timber","4","4","4","3","3","3","3","3","3","7","8","8","8","8","8"
"           1473","1960","0","Wood or Timber","5","5","5","4","4","4","4","4","4","5","5","5","5","6","6"
"           1474","1982","0","Steel","8","8","7","7","7","7","7","7","7","7","7","7","7","7","7"
"           1490","1992","0","Steel","8","8","8","8","8","8","8","8","8","8","8","8","8","8","7"
"           1491","1992","0","Prestressed Concrete","8","7","7","7","7","7","7","7","7","7","7","7","7","7","7"
"           1501","1989","0","Steel","7","7","7","7","7","7","7","7","7","7","7","7","6","6","6"
"           1504","2010","0","Steel","6","6","6","6","9","9","9","9","9","9","9","9","9","9","9"
"           1508","1978","0","Concrete","8","8","8","8","8","7","7","7","7","7","7","7","7","5","5"
"           1509","1978","0","Concrete","8","8","8","8","8","8","8","8","8","8","8","7","7","7","7"
"           1512","1981","0","Wood or Timber","4","4","4","4","4","4","5","5","5","5","5","8","7","7","7"
"           1513","1982","0","Wood or Timber","7","7","7","7","7","7","7","7","7","7","7","7","7","7","7"
"           1514","1982","0","Wood or Timber","6","6","6","6","6","6","6","6","7","7","9","9","8","8","8"
"           1515","1994","0","Steel","6","6","6","6","6","6","6","6","6","6","7","7","7","7","7"
"           1516","1982","0","Wood or Timber","6","6","6","6","6","6","6","6","7","7","7","7","7","7","7"
"           1518","1982","0","Wood or Timber","5","5","5","5","5","5","5","5","7","7","7","7","7","7","7"
"           1519","2017","0","Prestressed Concrete","7","7","7","7","7","7","7","7","7","7","7","9","9","9","9"
"           1520","2013","0","Prestressed Concrete","7","7","7","7","7","7","7","8","7","7","9","9","9","9","8"
"           1521","1982","0","Wood or Timber","5","5","5","5","5","5","5","5","6","6","7","7","7","7","7"
"           1525","1986","0","Prestressed Concrete","6","6","6","6","6","6","7","7","7","7","7","7","7","7","7"
"           1526","1986","0","Prestressed Concrete","8","8","8","8","8","8","8","8","8","7","7","7","7","6","6"
"           1531","2006","0","Steel","9","9","9","9","9","9","9","9","7","7","7","7","7","7","7"
"           1536","1989","0","Wood or Timber","7","7","7","7","5","5","5","5","5","5","5","5","5","5","5"
"           1541","2016","0","Prestressed Concrete","7","7","7","7","7","7","7","7","7","7","8","8","8","8","8"
"           1547","1995","0","Steel","5","5","5","5","5","5","5","5","5","5","5","5","5","5","5"
"           1556","1980","0","Wood or Timber","6","6","5","5","6","6","6","6","6","6","6","6","5","5","5"
"           1560","1982","0","Wood or Timber","6","6","6","6","6","6","6","6","8","8","8","8","8","8","8"
"           1564","1983","0","Prestressed Concrete","7","7","7","7","7","7","7","7","7","7","7","7","7","7","7"
"           1566","1985","0","Prestressed Concrete","8","8","8","8","8","8","8","8","8","7","7","7","7","7","7"
"           1567","1985","0","Prestressed Concrete","8","8","8","8","8","8","8","8","8","8","8","8","8","8","8"
"           1568","1985","0","Prestressed Concrete","8","8","8","8","8","8","8","8","8","8","8","8","8","8","8"
"           1569","1985","0","Prestressed Concrete","8","8","8","8","8","8","8","8","8","8","8","8","8","8","8"
"           1600","1991","0","Prestressed Concrete","6","6","6","7","7","7","7","6","6","6","6","6","6","6","6"
"           1603","1985","0","Prestressed Concrete","8","8","8","8","8","8","8","7","7","7","7","7","7","7","7"
"           1605","1982","0","Prestressed Concrete","8","8","8","8","8","8","8","8","8","8","8","8","8","8","8"
"           1606","1982","0","Prestressed Concrete","8","8","8","8","8","8","8","8","8","8","8","8","8","8","8"
"           1607","1982","0","Prestressed Concrete","7","7","7","7","7","7","7","7","7","7","7","7","7","7","7"
"           1608","1982","0","Prestressed Concrete","8","8","8","8","8","7","7","7","7","7","7","7","7","8","8"
"           1628","1985","0","Prestressed Concrete Continuous","7","7","7","7","7","7","7","7","7","7","7","7","7","7","7"
"           1629","1985","0","Prestressed Concrete","7","7","7","7","7","7","7","7","7","7","7","7","7","7","7"
"           1630","2009","0","Steel","7","7","7","7","7","7","7","7","7","7","7","7","7","7","6"
"           1631","1995","0","Steel","7","7","7","7","7","7","7","7","7","7","7","7","7","7","7"
"           1635","2012","0","Steel","7","7","7","7","7","7","7","5","5","5","6","6","5","5","5"
"           1636","2003","0","Steel","7","7","7","7","7","7","7","7","8","8","8","8","8","8","8"
"           1641","1984","0","Steel","7","7","7","1","6","6","6","6","7","7","7","7","7","7","6"
"           1663","1994","0","Wood or Timber","6","6","6","6","7","7","7","7","7","7","7","7","7","7","7"
"           1664","2002","0","Steel","8","8","8","8","8","8","8","8","7","7","7","7","7","7","7"
"           1669","1988","0","Steel","6","6","6","6","6","6","6","6","6","6","8","8","8","8","8"
"           1675","1981","0","Steel","7","7","7","7","7","7","7","7","7","7","7","7","7","7","7"
"           1676","1983","0","Prestressed Concrete","6","5","5","5","5","5","5","5","5","6","6","6","6","6","6"
"           1679","1982","0","Wood or Timber","6","6","6","6","6","6","6","6","6","5","5","5","5","5","5"
"           1684","2009","0","Prestressed Concrete","4","4","4","9","9","9","9","9","9","9","9","9","9","8","8"
"           1685","1982","0","Wood or Timber","6","6","6","6","6","6","6","6","6","5","5","4","4","4","4"
"           1686","2014","0","Steel","6","6","8","8","7","7","7","7","9","9","9","9","9","9","9"
"           1689","1987","0","Prestressed Concrete","5","5","5","5","5","5","5","5","5","5","5","5","5","5","5"
"           1690","1985","0","Wood or Timber","7","7","7","7","7","7","7","7","7","7","7","7","7","7","7"
"           1691","1985","0","Wood or Timber","7","7","7","7","7","7","7","7","7","7","7","7","7","7","7"
"           1694","1985","0","Prestressed Concrete","8","8","8","8","8","8","8","8","8","8","8","7","7","7","7"
"           1695","1985","0","Prestressed Concrete","8","8","8","8","8","8","8","8","8","8","8","7","7","7","7"
"           1697","1989","0","Prestressed Concrete","8","8","8","8","8","8","8","8","7","7","7","7","7","7","7"
"           1698","1984","0","Prestressed Concrete","7","7","7","7","7","7","7","7","7","7","7","7","6","6","6"
"           1701","1997","0","Prestressed Concrete","8","8","8","8","8","8","8","7","7","7","7","7","7","7","7"
"           1704","1982","0","Steel","4","4","4","4","4","4","4","4","4","4","4","4","4","4","4"
"           1705","1988","0","Prestressed Concrete","8","8","8","8","8","8","8","8","8","8","8","8","8","8","8"
"           1706","1988","0","Prestressed Concrete","8","8","8","8","8","8","8","8","8","8","8","8","8","8","8"
"           1707","1988","0","Prestressed Concrete","8","8","8","8","8","8","8","8","8","8","8","8","8","8","8"
"           1709","2012","0","Steel","5","5","5","5","5","5","9","9","9","9","9","9","9","9","9"
"           1712","2013","0","Steel","5","5","5","5","5","5","4","4","9","9","9","9","8","8","8"
"           1713","2011","0","Steel","3","3","3","3","3","9","9","9","9","9","9","9","9","9","9"
"           1714","2002","0","Steel","7","7","7","7","7","7","7","7","7","7","7","7","7","7","7"
"           1730","1984","0","Prestressed Concrete","8","8","8","8","8","8","8","8","8","8","8","8","8","8","8"
"           1731","1984","0","Prestressed Concrete","8","8","8","8","8","8","8","8","8","8","8","8","8","8","8"
"           1739","1992","0","Steel Continuous","7","7","7","7","7","7","7","7","7","7","7","7","7","7","7"
"           1744","1982","0","Prestressed Concrete","8","8","8","8","8","8","8","8","8","8","8","7","7","7","7"
"           1746","1989","0","Prestressed Concrete","8","8","8","8","8","8","8","8","8","7","7","7","7","7","7"
"           1750","1983","0","Prestressed Concrete","6","6","6","6","6","6","6","5","5","5","5","5","5","5","5"
"           1755","1980","0","Prestressed Concrete","6","6","6","6","6","6","5","5","5","5","5","5","5","5","5"
"           1759","2003","0","Steel","8","8","8","8","8","8","8","8","8","8","8","8","8","8","8"
"           1764","1985","0","Wood or Timber","7","7","7","7","7","7","7","7","7","7","7","7","7","7","7"
"           1766","1991","0","Prestressed Concrete","7","7","7","7","7","7","7","7","8","8","8","8","8","8","8"
"           1767","1986","0","Prestressed Concrete","5","5","5","5","6","6","6","6","6","6","6","6","7","7","7"
"           1781","2011","0","Prestressed Concrete","6","5","5","5","5","9","9","7","7","7","7","7","7","8","8"
"           1782","2012","0","Prestressed Concrete","1","1","1","1","1","1","8","8","8","8","8","8","8","8","8"
"           1783","2006","0","Prestressed Concrete","9","9","9","9","9","9","9","9","9","8","8","7","7","7","7"
"           1786","2013","0","Prestressed Concrete","4","4","4","4","4","4","4","9","9","9","9","9","9","8","8"
"           1793","1993","0","Prestressed Concrete","8","8","8","8","8","8","8","8","8","8","8","8","8","8","8"
"           1794","1993","0","Steel","6","6","6","6","6","6","6","6","6","6","6","6","6","6","6"
"           1800","1986","0","Wood or Timber","6","6","6","6","6","6","6","6","6","6","6","6","6","6","6"
"           1806","1991","0","Prestressed Concrete","9","9","9","9","9","9","9","9","9","9","8","8","7","7","7"
"           1807","1991","0","Prestressed Concrete","8","8","8","8","8","8","8","8","8","8","7","7","7","7","7"
"           1808","1991","0","Steel","7","7","7","7","7","7","7","7","7","7","7","7","7","7","7"
"           1819","1988","0","Steel","8","8","7","7","7","7","7","7","7","7","7","7","7","7","7"
"           1822","1981","0","Steel","6","6","6","6","6","6","6","6","6","6","6","6","6","6","6"
"           1823","1986","0","Steel","8","8","7","7","7","7","7","7","7","7","7","7","7","7","7"
"           1831","1987","0","Steel","7","7","7","7","8","8","8","8","8","8","8","8","8","8","8"
"           1832","1971","0","Steel","6","6","6","6","6","6","6","6","6","6","6","6","8","8","7"
"           1834","1987","0","Steel","5","5","5","5","5","5","5","5","5","5","5","6","6","6","6"
"           1838","1986","0","Wood or Timber","5","4","4","4","4","6","6","6","6","6","6","6","6","6","6"
"           1840","1970","0","Wood or Timber","8","8","8","8","8","7","7","7","7","7","7","7","7","7","7"
"           1841","1960","0","Wood or Timber","5","4","4","4","4","4","4","4","4","4","4","4","4","4","4"
"           1844","2004","0","Steel","8","8","8","8","8","8","8","8","8","8","8","8","8","8","8"
"           1845","1992","0","Prestressed Concrete","8","8","8","8","8","8","8","8","8","8","8","8","8","8","8"
"           1861","2013","0","Prestressed Concrete","6","6","6","6","6","6","6","9","9","9","9","9","9","9","9"
"           1863","1973","0","Prestressed Concrete","8","8","8","8","8","8","8","8","8","8","8","8","8","8","8"
"           1864","1977","0","Prestressed Concrete","8","8","8","8","8","8","8","6","6","6","6","6","6","6","6"
"           1865","1977","0","Steel","6","6","6","6","6","6","6","6","6","6","6","6","6","6","6"
"           1866","1977","0","Prestressed Concrete","5","5","5","5","6","6","7","7","7","7","7","7","7","7","7"
"           1867","1981","0","Prestressed Concrete","8","8","8","8","8","8","8","7","7","7","7","7","7","6","6"
"           1868","1977","0","Prestressed Concrete","8","8","8","8","8","8","8","6","6","7","7","7","7","6","6"
"           1869","1980","0","Prestressed Concrete","6","6","6","7","7","7","7","6","6","6","6","6","6","6","6"
"           1873","2006","0","Steel","5","6","6","6","6","6","6","6","6","7","7","7","7","6","6"
"           1877","2003","0","Steel","8","8","8","8","8","7","7","7","7","7","7","7","7","7","7"
"           1878","1997","0","Prestressed Concrete","8","8","8","8","8","8","8","8","8","8","8","8","8","8","8"
"           1879","1997","0","Prestressed Concrete","8","8","8","8","8","8","8","8","8","8","8","8","8","8","8"
"           1883","1994","0","Prestressed Concrete","8","8","8","8","8","8","8","7","7","7","7","7","7","6","6"
"           1884","1994","0","Prestressed Concrete","8","8","8","8","8","8","8","8","8","8","8","8","8","8","8"
"           1885","1993","0","Steel Continuous","7","7","7","7","7","7","7","7","7","7","7","7","7","7","7"
"           1887","1993","0","Prestressed Concrete","8","8","8","8","8","8","8","7","7","7","7","7","7","7","7"
"           1888","1993","0","Prestressed Concrete","8","8","8","8","8","8","8","7","7","7","7","7","7","7","7"
"           1889","1993","0","Steel Continuous","6","6","6","6","6","6","6","5","5","6","6","6","6","6","6"
"           1890","1995","0","Steel","6","6","6","6","6","6","6","6","6","6","6","6","6","6","6"
"           1891","1998","0","Wood or Timber","7","7","7","7","7","7","7","7","6","6","6","6","6","6","6"
"           1893","1996","0","Steel","8","8","8","7","7","7","7","7","7","7","7","7","7","7","7"
"           1894","1996","0","Steel","8","8","8","8","8","8","8","8","8","8","8","8","8","8","8"
"           1895","1996","0","Steel","8","8","8","8","8","7","7","7","7","7","7","7","7","7","7"
"           1897","2002","0","Prestressed Concrete","8","8","8","8","8","8","8","8","8","8","7","7","7","7","7"
"           1899","1997","0","Steel","6","6","6","6","6","6","6","6","6","6","6","6","6","6","6"
"           1900","1997","0","Steel","7","7","7","7","7","7","7","7","7","7","6","6","6","6","6"
"           1903","2000","0","Prestressed Concrete","8","8","8","8","8","8","8","8","8","8","8","8","8","8","8"
"           1912","1994","0","Prestressed Concrete","8","8","8","8","8","8","8","8","8","8","8","8","8","8","8"
"           1913","1995","0","Prestressed Concrete","8","8","8","8","8","8","8","8","8","8","8","8","8","8","8"
"           1914","1995","0","Prestressed Concrete","7","7","7","7","7","7","7","7","7","7","7","7","7","7","7"
"           1922","1995","0","Prestressed Concrete","9","9","8","8","8","8","8","8","8","8","8","8","8","8","7"
"           1923","2002","0","Prestressed Concrete","8","8","8","8","8","8","8","8","8","8","8","8","8","8","8"
"           1928","1993","0","Prestressed Concrete","7","7","7","7","7","7","7","7","7","7","7","7","7","7","7"
"           1932","2002","0","Steel","7","7","7","7","6","6","6","6","6","6","6","6","6","6","6"
"           1935","2002","0","Steel","7","7","7","7","7","7","7","7","7","7","7","7","7","7","7"
"           1936","1992","0","Steel","6","6","6","6","6","6","6","6","5","5","4","4","4","4","4"
"           1940","1992","0","Steel","8","8","8","8","8","8","8","8","8","8","8","7","7","7","7"
"           1943","1994","0","Prestressed Concrete","8","8","8","8","8","8","8","8","8","8","8","8","8","8","8"
"           1945","1992","0","Wood or Timber","6","6","6","6","6","6","6","6","6","6","6","6","6","6","6"
"           1946","1992","0","Concrete","5","5","5","5","5","5","5","5","5","5","5","5","5","5","5"
"           1950","1998","0","Prestressed Concrete","8","8","8","8","8","8","7","7","7","7","7","7","7","7","7"
"           1951","1997","0","Steel Continuous","8","8","8","8","7","7","7","7","7","7","7","7","7","7","7"
"           1953","1997","0","Wood or Timber","7","7","8","8","8","8","8","8","8","8","8","8","8","8","8"
"           1956","2013","0","Prestressed Concrete","7","7","7","7","7","7","7","9","9","9","9","9","8","8","8"
"           1957","2006","0","Steel","9","9","9","9","7","7","7","7","7","7","7","7","8","8","8"
"           1958","1991","0","Steel","7","7","4","4","4","4","4","4","2","2","2","2","2","2","2"
"           1959","2002","0","Prestressed Concrete","8","8","8","8","8","8","8","8","8","8","8","8","8","8","8"
"           1960","1996","0","Steel","6","6","6","6","6","6","6","6","6","6","7","7","7","7","7"
"           1961","1999","0","Prestressed Concrete","8","8","8","8","8","8","7","7","7","7","7","7","7","7","7"
"           1962","1999","0","Prestressed Concrete","8","8","8","8","8","8","8","7","7","7","7","7","7","7","7"
"           1964","1997","0","Prestressed Concrete","8","8","8","8","8","8","8","8","8","7","7","7","7","8","8"
"           1971","1998","0","Prestressed Concrete","8","8","7","7","7","7","7","7","6","6","7","7","7","7","7"
"           1972","1998","0","Steel","7","7","7","7","6","6","6","6","6","6","6","6","6","6","6"
"           1973","1999","0","Prestressed Concrete","8","8","8","8","8","8","8","8","8","8","8","7","7","7","7"
"           1980","2003","0","Prestressed Concrete","9","9","9","9","9","9","9","9","8","8","8","8","8","8","8"
"           1981","2005","0","Prestressed Concrete","9","9","9","9","8","8","8","8","8","8","8","8","8","8","8"
"           1985","1998","0","Steel","6","6","6","6","6","6","9","9","8","8","8","8","8","8","8"
"           1987","2013","0","Steel","8","8","5","5","5","5","5","9","9","9","9","9","9","9","9"
"           1989","2005","0","Prestressed Concrete","9","9","8","8","8","8","8","8","8","8","8","8","8","8","8"
"           1993","2006","0","Prestressed Concrete","9","9","9","9","9","9","8","8","8","8","8","8","8","8","8"
"           2031","2002","0","Prestressed Concrete","8","8","8","8","8","8","8","8","8","8","8","8","8","8","8"
"           2032","2002","0","Prestressed Concrete","8","8","8","8","8","8","8","8","8","8","8","8","8","8","8"
"           2033","2002","0","Prestressed Concrete","8","8","8","8","8","8","8","8","8","8","8","8","7","7","7"
"           2034","2003","0","Prestressed Concrete","8","8","8","8","8","8","8","8","8","8","8","8","8","8","8"
"           2035","2002","0","Prestressed Concrete","8","8","8","8","8","8","8","8","8","8","8","8","8","8","8"
"           2036","2002","0","Prestressed Concrete","8","8","8","8","8","8","8","8","8","8","8","8","8","8","8"
"           2037","2002","0","Prestressed Concrete","8","8","8","8","8","8","8","8","8","8","8","8","8","8","8"
"           2057","1980","0","Steel","7","7","7","7","7","7","7","7","7","7","7","7","7","7","7"
"           2058","2000","0","Steel","7","7","7","7","7","7","7","7","7","7","7","7","7","7","7"
"           2059","2001","0","Prestressed Concrete","9","9","9","9","9","9","8","8","8","8","8","8","8","8","8"
"           2063","2000","0","Prestressed Concrete","7","7","7","6","6","6","6","6","6","6","6","6","6","7","7"
"           2078","2000","0","Steel","7","7","7","7","7","7","7","7","7","7","7","7","7","8","8"
"           2079","2000","0","Steel","8","8","8","7","7","7","7","7","7","7","7","7","7","7","7"
"           2081","2006","0","Prestressed Concrete","9","9","9","9","9","9","9","8","8","8","8","8","8","7","7"
"           2082","2006","0","Prestressed Concrete","9","9","9","9","9","9","9","9","9","9","9","8","8","7","7"
"           2084","2006","0","Prestressed Concrete","9","9","9","9","9","9","9","9","8","8","8","8","8","8","8"
"           2094","1981","0","Prestressed Concrete","8","8","8","8","8","7","7","7","7","7","7","7","7","7","7"
"           2097","1983","0","Steel","7","7","7","7","7","7","7","7","7","7","7","7","7","7","7"
"           2098","2005","0","Prestressed Concrete","9","9","9","9","9","9","9","9","8","8","8","8","8","8","8"
"           2099","2005","0","Prestressed Concrete","9","9","9","9","9","9","8","8","8","8","8","8","8","8","7"
"           2102","2006","0","Prestressed Concrete","9","9","9","9","9","9","9","9","9","7","7","7","7","7","7"
"           2115","2004","0","Prestressed Concrete","9","9","8","8","8","8","8","8","8","8","8","8","8","8","8"
"           2116","2004","0","Prestressed Concrete","9","9","8","8","8","8","8","8","8","8","8","8","8","8","8"
"           2117","2004","0","Prestressed Concrete","9","9","8","8","8","8","8","8","8","8","8","8","8","8","8"
"           2118","2004","0","Prestressed Concrete","9","9","8","8","8","8","8","8","8","8","8","8","8","8","8"
"           2119","2004","0","Prestressed Concrete","9","9","9","9","9","9","9","8","8","8","8","8","8","8","8"
"           2120","2004","0","Prestressed Concrete","9","9","9","9","9","9","9","8","8","8","8","8","8","8","8"
"           2121","2004","0","Prestressed Concrete","9","9","9","9","9","9","9","8","8","8","8","8","8","8","8"
"           2125","2012","0","Steel","5","5","5","5","5","5","9","9","9","9","7","7","8","8","8"
"           2126","1958","0","Steel","6","6","6","6","6","6","6","6","6","6","6","6","6","6","6"
"           2128","1945","0","Steel","5","5","5","5","5","5","5","5","5","5","5","5","5","5","5"
"           2132","2003","0","Steel","8","8","8","8","8","8","8","8","7","7","7","7","7","7","7"
"           2133","2006","0","Prestressed Concrete","9","9","8","8","8","8","8","8","8","8","8","8","8","8","8"
"           2135","1992","0","Prestressed Concrete","8","8","8","8","8","8","8","7","7","5","5","5","5","5","5"
"           2137","2019","0","Prestressed Concrete","8","8","8","8","8","8","8","8","8","8","8","8","8","9","9"
"           2138","2004","0","Steel","9","9","9","9","9","9","9","9","9","9","9","9","9","9","9"
"           2139","2003","0","Steel","7","7","7","7","7","7","7","7","7","7","7","7","9","9","8"
"           2140","2005","0","Prestressed Concrete","9","9","9","9","9","9","9","9","7","7","7","7","7","7","7"
"           2150","2005","0","Prestressed Concrete","9","9","9","9","9","9","9","8","8","8","8","7","7","7","7"
"           2161","2015","0","Prestressed Concrete","4","4","1","1","1","7","7","7","7","7","7","7","8","8","7"
"           2206","2010","0","Steel","4","4","2","2","2","2","9","9","9","9","9","9","9","9","9"
"           2207","2010","0","Steel","4","4","3","3","9","9","9","9","9","9","7","7","8","8","8"
"           2213","2006","0","Steel","9","9","9","9","9","9","7","7","7","7","7","7","7","7","7"
"           2216","2006","0","Steel","9","9","9","9","9","9","8","8","8","8","7","7","7","7","7"
"           2220","2006","0","Steel","9","9","9","9","9","9","8","8","8","8","7","7","7","7","7"
"00000000000P651","1993","0","Steel","6","5","5","5","5","5","5","5","5","5","5","5","5","5","5"
"000074520-00030","1999","0","Steel","8","8","8","8","8","8","8","8","8","8","8","8","8","8","8"
"000074520-00032","1991","0","Wood or Timber","7","7","7","7","7","7","7","7","7","7","7","7","7","7","7"
"100210000001158","1987","0","Steel","7","7","7","7","7","7","7","7","7","7","7","7","7","7","7"
"100210000001159","1987","0","Steel","7","7","7","7","7","7","7","7","7","7","7","7","7","7","7"
"100210000001160","1987","0","Steel","7","7","7","7","7","7","7","7","7","7","7","7","7","7","7"
"100210000001162","1973","0","Steel","7","7","7","7","7","7","7","7","7","7","7","7","7","7","7"
"100210000001183","1983","0","Steel","7","7","7","7","7","7","7","7","7","7","7","7","7","7","7"
"100210000001184","1983","0","Steel","7","7","7","7","7","7","7","7","7","7","7","7","7","7","7"
"100210000001185","1984","0","Steel","7","7","7","7","7","7","7","7","7","7","7","7","7","7","7"
"100210000001189","1978","0","Steel","7","7","7","7","7","7","7","7","7","7","7","7","7","7","7"
"100320000001391","1994","0","Wood or Timber","8","8","8","7","7","7","7","7","7","7","7","7","7","7","7"
"100320000001395","1994","0","Wood or Timber","7","7","7","7","7","7","7","7","7","7","7","7","7","7","7"
"100510000001051","1985","0","Prestressed Concrete","7","7","7","7","7","7","7","7","7","7","7","7","7","7","7"
"100510000001055","1985","0","Wood or Timber","7","7","7","7","7","7","7","7","7","7","7","7","7","7","7"
"100540000001009","1989","0","Prestressed Concrete","7","7","7","6","6","6","7","7","7","7","7","7","7","7","7"
"100540000001010","1987","0","Prestressed Concrete","7","7","7","7","7","7","7","7","6","6","7","7","7","7","7"
"100540000001011","1987","0","Prestressed Concrete","7","7","7","6","6","7","7","7","7","7","7","7","7","7","7"
"100540000001024","1984","0","Wood or Timber","7","7","7","7","7","7","7","7","7","7","7","7","7","7","7"
"100540000001026","1989","0","Wood or Timber","7","7","7","7","7","7","7","7","7","7","7","7","7","7","7"
"100540000001027","1987","0","Wood or Timber","7","7","7","7","7","7","7","7","7","7","7","7","7","7","7"
"100540000001040","1990","0","Steel","7","7","7","7","7","7","7","7","7","7","7","7","7","7","7"
"100540000001063","1986","0","Prestressed Concrete","7","7","7","7","7","7","7","7","7","7","7","7","7","7","7"
"100540000001073","1985","0","Prestressed Concrete","7","7","7","7","7","7","7","7","7","7","7","7","7","7","7"
"100540000001074","1985","0","Prestressed Concrete","7","7","7","7","7","7","7","7","7","7","7","7","7","7","7"
"100540000001075","1991","0","Wood or Timber","7","7","7","7","7","7","7","7","7","7","7","7","7","7","7"
"100540000001076","1993","0","Wood or Timber","7","7","7","7","7","7","7","7","7","7","7","7","7","7","7"
"100540000001077","1991","0","Steel","7","7","7","7","7","7","7","7","7","7","7","7","7","7","7"
"100540000001078","1991","0","Wood or Timber","7","7","7","7","7","7","7","7","7","7","7","7","7","7","7"
"100540000001079","1987","0","Steel","7","7","7","7","7","7","7","7","7","7","7","7","7","7","7"
"100540000001082","1986","0","Prestressed Concrete","7","7","7","7","7","7","7","7","7","7","7","7","7","7","7"
"100540000001083","1986","0","Prestressed Concrete","7","7","7","7","7","7","7","7","6","6","7","7","7","7","7"
"100540000001084","1987","0","Wood or Timber","7","7","7","7","7","7","7","7","7","7","7","7","7","7","7"
"100540000001086","1984","0","Wood or Timber","7","7","7","7","7","7","7","7","7","7","7","7","7","7","7"
"100540000001230","1996","0","Wood or Timber","7","7","7","7","7","7","7","7","7","7","7","7","7","7","7"
"100540000003006","1998","0","Steel","7","7","7","7","7","7","7","7","7","7","7","7","7","7","7"
"9830005P0000000","1983","","Prestressed Concrete","7","7","7","7","7","7","7","7","7","7","7","7","7","6","6"
"9830007P0000000","1956","","Steel","6","6","6","6","6","6","6","6","6","6","6","6","6","6","6"
"9830008P0000000","1955","","Steel","6","5","5","5","5","5","5","5","5","5","5","6","6","6","6"
"9830009P0000000","1966","","Steel","7","6","6","6","6","6","6","6","6","6","6","6","6","6","6"
"9830010P0000000","1956","","Steel","7","6","6","6","6","6","6","6","6","6","6","6","6","6","6"
"9830011P0000000","1960","","Steel","6","6","6","6","6","6","6","6","6","6","6","6","6","6","6"
"9830012P0000000","1955","","Steel Continuous","7","6","6","7","7","7","7","7","7","7","7","7","7","7","7"
"9830013P0000000","1987","","Concrete continuous","7","7","7","7","7","7","7","7","7","7","7","7","7","7","7"
"9830014P0000000","1987","","Concrete continuous","6","6","6","6","6","6","6","6","6","6","6","6","6","6","6"
"9830015P0000000","1957","","Steel","6","6","6","6","6","6","6","6","6","6","6","5","5","5","5"
"9830016P0000000","1986","","Steel Continuous","7","7","7","7","7","7","7","7","7","7","7","7","7","7","7"
"9845001P0000000","1985","","Concrete continuous","7","6","6","6","6","6","6","6","6","6","6","6","6","6","6"
"DAPPACWAI0XBRIA","1988","0","Steel","7","7","7","7","7","6","6","6","6","6","6","6","6","7","7"
